"ID","Description","setSize","enrichmentScore","NES","pvalue","p.adjust","qvalue","rank","leading_edge","core_enrichment","log2err","drug_name"
"HERNANDEZ_MITOTIC_ARREST_BY_DOCETAXEL_2_UP","HERNANDEZ_MITOTIC_ARREST_BY_DOCETAXEL_2_UP",4,0.753392451561643,1.67652380820264,0.0291810823791181,0.422357771276709,0.422357771276709,25,"tags=50%, list=5%, signal=48%","440/350",0.352487857583619,"hernandez_mitotic_arrest_by_docetaxel_2_up"
"KOBAYASHI_EGFR_SIGNALING_24HR_DN","KOBAYASHI_EGFR_SIGNALING_24HR_DN",10,0.488676076754909,1.66655914561567,0.0225010753726757,0.422357771276709,0.422357771276709,56,"tags=50%, list=11%, signal=45%","9319/79019/4830/990/5982",0.352487857583619,"kobayashi_egfr_signaling_24hr_dn"
"BHAT_ESR1_TARGETS_NOT_VIA_AKT1_DN","BHAT_ESR1_TARGETS_NOT_VIA_AKT1_DN",4,-0.849755734893535,-1.63277081514594,0.00291546019450067,0.214427909766484,0.214427909766484,11,"tags=50%, list=2%, signal=49%","55812/5166",0.431707695803346,"bhat_esr1_targets_not_via_akt1_dn"
"LEE_LIVER_CANCER_CIPROFIBRATE_UP","LEE_LIVER_CANCER_CIPROFIBRATE_UP",3,-0.895372233400402,-1.6029385196769,0.00603384550140302,0.285618417501511,0.285618417501511,56,"tags=100%, list=11%, signal=89%","5372/5166/224",0.407017918923954,"lee_liver_cancer_ciprofibrate_up"
"BHAT_ESR1_TARGETS_VIA_AKT1_DN","BHAT_ESR1_TARGETS_VIA_AKT1_DN",3,-0.89228078746203,-1.59740406418313,0.00623167456366934,0.285618417501511,0.285618417501511,11,"tags=67%, list=2%, signal=66%","55812/5166",0.407017918923954,"bhat_esr1_targets_via_akt1_dn"
"YAO_TEMPORAL_RESPONSE_TO_PROGESTERONE_CLUSTER_13","YAO_TEMPORAL_RESPONSE_TO_PROGESTERONE_CLUSTER_13",5,0.620948437620913,1.55327902469592,0.0645430973958613,0.639110225763612,0.639110225763612,27,"tags=40%, list=5%, signal=38%","3956/5721",0.287805130535564,"yao_temporal_response_to_progesterone_cluster_13"
"KANG_DOXORUBICIN_RESISTANCE_UP","KANG_DOXORUBICIN_RESISTANCE_UP",2,0.905622489959839,1.5066481249563,0.0263606156248395,0.422357771276709,0.422357771276709,49,"tags=100%, list=10%, signal=91%","79019/990",0.352487857583619,"kang_doxorubicin_resistance_up"
"DARWICHE_SKIN_TUMOR_PROMOTER_UP","DARWICHE_SKIN_TUMOR_PROMOTER_UP",5,-0.719501826898595,-1.4844929605225,0.0332005312084993,0.456507304116866,0.456507304116866,74,"tags=60%, list=15%, signal=52%","5607/11345/6376",0.287857117255149,"darwiche_skin_tumor_promoter_up"
"MCDOWELL_ACUTE_LUNG_INJURY_DN","MCDOWELL_ACUTE_LUNG_INJURY_DN",2,-0.937208184168933,-1.4713360906363,0.00729267377238991,0.286497898201032,0.286497898201032,3,"tags=50%, list=1%, signal=50%","3993",0.407017918923954,"mcdowell_acute_lung_injury_dn"
"BLUM_RESPONSE_TO_SALIRASIB_UP","BLUM_RESPONSE_TO_SALIRASIB_UP",17,-0.520350881612011,-1.46055671185001,0.0413492927094668,0.494393717178408,0.494393717178408,128,"tags=53%, list=26%, signal=41%","4792/8621/5898/54700/2101/2734/9741/1983/10175",0.231126709673834,"blum_response_to_salirasib_up"
"FRASOR_RESPONSE_TO_ESTRADIOL_DN","FRASOR_RESPONSE_TO_ESTRADIOL_DN",2,0.876527569982053,1.45824406353306,0.0444718043184584,0.509572757815669,0.509572757815669,1,"tags=50%, list=0%, signal=50%","9052",0.321775918075361,"frasor_response_to_estradiol_dn"
"WEIGEL_OXIDATIVE_STRESS_BY_TBH_AND_H2O2","WEIGEL_OXIDATIVE_STRESS_BY_TBH_AND_H2O2",2,0.853413654618474,1.41979036165505,0.075187969924812,0.66334991708126,0.66334991708126,75,"tags=100%, list=15%, signal=85%","3691/4320",0.261663521711573,"weigel_oxidative_stress_by_tbh_and_h2o2"
"HELLER_HDAC_TARGETS_SILENCED_BY_METHYLATION_UP","HELLER_HDAC_TARGETS_SILENCED_BY_METHYLATION_UP",11,-0.553167373713485,-1.41278112893423,0.0793465577596266,0.66334991708126,0.66334991708126,77,"tags=45%, list=15%, signal=39%","9517/928/51382/57185/55650",0.169570644405628,"heller_hdac_targets_silenced_by_methylation_up"
"DAIRKEE_CANCER_PRONE_RESPONSE_BPA_E2","DAIRKEE_CANCER_PRONE_RESPONSE_BPA_E2",5,-0.679270275258448,-1.40148628428078,0.0650730411686587,0.639110225763612,0.639110225763612,103,"tags=60%, list=21%, signal=48%","79041/11198/55973",0.20207170902116,"dairkee_cancer_prone_response_bpa_e2"
"CHEMNITZ_RESPONSE_TO_PROSTAGLANDIN_E2_DN","CHEMNITZ_RESPONSE_TO_PROSTAGLANDIN_E2_DN",7,-0.612851287224057,-1.38845676973462,0.0674157303370786,0.639287098024022,0.639287098024022,77,"tags=57%, list=15%, signal=49%","9517/7049/55650/224",0.191892240384838,"chemnitz_response_to_prostaglandin_e2_dn"
"ELVIDGE_HYPOXIA_BY_DMOG_UP","ELVIDGE_HYPOXIA_BY_DMOG_UP",3,0.702296492750278,1.38697874939332,0.0927536231884058,0.689385037211124,0.689385037211124,33,"tags=67%, list=7%, signal=63%","9052/8839",0.252961123069611,"elvidge_hypoxia_by_dmog_up"
"YAO_TEMPORAL_RESPONSE_TO_PROGESTERONE_CLUSTER_17","YAO_TEMPORAL_RESPONSE_TO_PROGESTERONE_CLUSTER_17",10,-0.54802320666235,-1.38367515458692,0.0909090909090909,0.689385037211124,0.689385037211124,68,"tags=40%, list=14%, signal=35%","10175/7419/55973/55334",0.158514105424824,"yao_temporal_response_to_progesterone_cluster_17"
"AMBROSINI_FLAVOPIRIDOL_TREATMENT_TP53","AMBROSINI_FLAVOPIRIDOL_TREATMENT_TP53",2,-0.873493975903614,-1.37131027386411,0.0354767880961509,0.464576986973404,0.464576986973404,66,"tags=100%, list=13%, signal=87%","2767/3993",0.321775918075361,"ambrosini_flavopiridol_treatment_tp53"
"WUNDER_INFLAMMATORY_RESPONSE_AND_CHOLESTEROL_UP","WUNDER_INFLAMMATORY_RESPONSE_AND_CHOLESTEROL_UP",2,0.815728989342522,1.35709588254584,0.120300751879699,0.769365273649239,0.769365273649239,27,"tags=50%, list=5%, signal=47%","5721",0.204294756516886,"wunder_inflammatory_response_and_cholesterol_up"
"MARSON_FOXP3_TARGETS_STIMULATED_DN","MARSON_FOXP3_TARGETS_STIMULATED_DN",2,-0.861340812525033,-1.35223085458849,0.0464344941956882,0.51077943615257,0.51077943615257,15,"tags=50%, list=3%, signal=49%","23368",0.271288554688953,"marson_foxp3_targets_stimulated_dn"
"FERRARI_RESPONSE_TO_FENRETINIDE_UP","FERRARI_RESPONSE_TO_FENRETINIDE_UP",1,1,1.34984064065136,0.00305731205876179,0.214427909766484,0.214427909766484,1,"tags=100%, list=0%, signal=100%","9052",0.431707695803346,"ferrari_response_to_fenretinide_up"
"JOSEPH_RESPONSE_TO_SODIUM_BUTYRATE_UP","JOSEPH_RESPONSE_TO_SODIUM_BUTYRATE_UP",1,1,1.34984064065136,0.00305731205876179,0.214427909766484,0.214427909766484,1,"tags=100%, list=0%, signal=100%","9052",0.431707695803346,"joseph_response_to_sodium_butyrate_up"
"HERNANDEZ_MITOTIC_ARREST_BY_DOCETAXEL_2_DN","HERNANDEZ_MITOTIC_ARREST_BY_DOCETAXEL_2_DN",2,-0.857649708792386,-1.3464361397878,0.0514096185737977,0.543755581069014,0.543755581069014,9,"tags=50%, list=2%, signal=49%","7049",0.257206466468838,"hernandez_mitotic_arrest_by_docetaxel_2_dn"
"MALONEY_RESPONSE_TO_17AAG_UP","MALONEY_RESPONSE_TO_17AAG_UP",1,-1,-1.34355758142773,0.00311895141478522,0.214427909766484,0.214427909766484,2,"tags=100%, list=0%, signal=100%","6767",0.431707695803346,"maloney_response_to_17aag_up"
"LEE_LIVER_CANCER_DENA_UP","LEE_LIVER_CANCER_DENA_UP",1,0.993987975951904,1.34172536625867,0.0139211558120995,0.422357771276709,0.422357771276709,4,"tags=100%, list=1%, signal=99%","11015",0.380730400722792,"lee_liver_cancer_dena_up"
"SANDERSON_PPARA_TARGETS","SANDERSON_PPARA_TARGETS",1,-0.995991983967936,-1.33817258110137,0.00986436409226245,0.339087515671522,0.339087515671522,4,"tags=100%, list=1%, signal=99%","224",0.380730400722792,"sanderson_ppara_targets"
"SCHLINGEMANN_SKIN_CARCINOGENESIS_TPA_UP","SCHLINGEMANN_SKIN_CARCINOGENESIS_TPA_UP",1,0.98997995991984,1.33631518333021,0.0212479656662427,0.422357771276709,0.422357771276709,6,"tags=100%, list=1%, signal=99%","4830",0.352487857583619,"schlingemann_skin_carcinogenesis_tpa_up"
"KRIGE_AMINO_ACID_DEPRIVATION","KRIGE_AMINO_ACID_DEPRIVATION",2,0.801750890133108,1.33384107472271,0.137844611528822,0.788608739770145,0.788608739770145,8,"tags=50%, list=2%, signal=49%","440",0.190023305279108,"krige_amino_acid_deprivation"
"UZONYI_RESPONSE_TO_LEUKOTRIENE_AND_THROMBIN","UZONYI_RESPONSE_TO_LEUKOTRIENE_AND_THROMBIN",1,-0.991983967935872,-1.332787580775,0.0180097387821462,0.422357771276709,0.422357771276709,6,"tags=100%, list=1%, signal=99%","5166",0.352487857583619,"uzonyi_response_to_leukotriene_and_thrombin"
"APPIERTO_RESPONSE_TO_FENRETINIDE_DN","APPIERTO_RESPONSE_TO_FENRETINIDE_DN",1,0.985971943887776,1.33090500040175,0.0276457276397365,0.422357771276709,0.422357771276709,8,"tags=100%, list=2%, signal=99%","440",0.352487857583619,"appierto_response_to_fenretinide_dn"
"CAFFAREL_RESPONSE_TO_THC_UP","CAFFAREL_RESPONSE_TO_THC_UP",1,0.985971943887776,1.33090500040175,0.0276457276397365,0.422357771276709,0.422357771276709,8,"tags=100%, list=2%, signal=99%","440",0.352487857583619,"caffarel_response_to_thc_up"
"POS_HISTAMINE_RESPONSE_NETWORK","POS_HISTAMINE_RESPONSE_NETWORK",1,0.985971943887776,1.33090500040175,0.0276457276397365,0.422357771276709,0.422357771276709,8,"tags=100%, list=2%, signal=99%","440",0.352487857583619,"pos_histamine_response_network"
"POS_RESPONSE_TO_HISTAMINE_DN","POS_RESPONSE_TO_HISTAMINE_DN",1,0.985971943887776,1.33090500040175,0.0276457276397365,0.422357771276709,0.422357771276709,8,"tags=100%, list=2%, signal=99%","440",0.352487857583619,"pos_response_to_histamine_dn"
"CHEOK_RESPONSE_TO_MERCAPTOPURINE_AND_LD_MTX_DN","CHEOK_RESPONSE_TO_MERCAPTOPURINE_AND_LD_MTX_DN",1,-0.987975951903808,-1.32740258044864,0.0230753574696772,0.422357771276709,0.422357771276709,8,"tags=100%, list=2%, signal=99%","8814",0.352487857583619,"cheok_response_to_mercaptopurine_and_ld_mtx_dn"
"HERNANDEZ_MITOTIC_ARREST_BY_DOCETAXEL_1_DN","HERNANDEZ_MITOTIC_ARREST_BY_DOCETAXEL_1_DN",2,0.79718875502008,1.32625123194601,0.145363408521303,0.788608739770145,0.788608739770145,103,"tags=100%, list=21%, signal=80%","990/6591",0.184706471207739,"hernandez_mitotic_arrest_by_docetaxel_1_dn"
"MASRI_RESISTANCE_TO_TAMOXIFEN_AND_AROMATASE_INHIBITORS_DN","MASRI_RESISTANCE_TO_TAMOXIFEN_AND_AROMATASE_INHIBITORS_DN",2,0.79718875502008,1.32625123194601,0.145363408521303,0.788608739770145,0.788608739770145,103,"tags=100%, list=21%, signal=80%","8839/6591",0.184706471207739,"masri_resistance_to_tamoxifen_and_aromatase_inhibitors_dn"
"BRACHAT_RESPONSE_TO_CISPLATIN","BRACHAT_RESPONSE_TO_CISPLATIN",2,-0.84136546184739,-1.3208712752852,0.0796019900497512,0.66334991708126,0.66334991708126,82,"tags=100%, list=16%, signal=84%","51015/5372",0.204294756516886,"brachat_response_to_cisplatin"
"WHITESIDE_CISPLATIN_RESISTANCE_UP","WHITESIDE_CISPLATIN_RESISTANCE_UP",1,0.975951903807615,1.31737954308059,0.039965247402092,0.494393717178408,0.494393717178408,13,"tags=100%, list=3%, signal=98%","3691",0.321775918075361,"whiteside_cisplatin_resistance_up"
"MISSIAGLIA_REGULATED_BY_METHYLATION_DN","MISSIAGLIA_REGULATED_BY_METHYLATION_DN",6,0.493675534747608,1.31517033932168,0.11587982832618,0.758736971183323,0.758736971183323,49,"tags=50%, list=10%, signal=46%","79019/3691/990",0.276500599254472,"missiaglia_regulated_by_methylation_dn"
"KOBAYASHI_EGFR_SIGNALING_6HR_DN","KOBAYASHI_EGFR_SIGNALING_6HR_DN",1,-0.967935871743487,-1.30047757881682,0.0725806451612903,0.66334991708126,0.66334991708126,18,"tags=100%, list=4%, signal=97%","6376",0.237793834423688,"kobayashi_egfr_signaling_6hr_dn"
"YAO_TEMPORAL_RESPONSE_TO_PROGESTERONE_CLUSTER_12","YAO_TEMPORAL_RESPONSE_TO_PROGESTERONE_CLUSTER_12",4,-0.671993146061963,-1.29120728676876,0.114893617021277,0.758736971183323,0.758736971183323,144,"tags=75%, list=29%, signal=54%","55365/5019/5720",0.154190966581424,"yao_temporal_response_to_progesterone_cluster_12"
"YAO_HOXA10_TARGETS_VIA_PROGESTERONE_DN","YAO_HOXA10_TARGETS_VIA_PROGESTERONE_DN",2,-0.822046299762819,-1.29054185552977,0.102819237147595,0.725007441425352,0.725007441425352,9,"tags=50%, list=2%, signal=49%","7049",0.178219874951973,"yao_hoxa10_targets_via_progesterone_dn"
"CHENG_RESPONSE_TO_NICKEL_ACETATE","CHENG_RESPONSE_TO_NICKEL_ACETATE",3,-0.720321931589537,-1.28955503380749,0.101978691019787,0.725007441425352,0.725007441425352,143,"tags=100%, list=29%, signal=72%","5711/3320/6767",0.170932335370056,"cheng_response_to_nickel_acetate"
"BHAT_ESR1_TARGETS_VIA_AKT1_UP","BHAT_ESR1_TARGETS_VIA_AKT1_UP",11,0.357873210633947,1.28656736052491,0.172413793103448,0.788608739770145,0.788608739770145,325,"tags=100%, list=65%, signal=36%","990/3475/6542/4616/55615/23030/997/7494/2288/771/65055",0.287857117255149,"bhat_esr1_targets_via_akt1_up"
"DALESSIO_TSA_RESPONSE","DALESSIO_TSA_RESPONSE",3,0.64989939637827,1.28349872358074,0.150724637681159,0.788608739770145,0.788608739770145,177,"tags=100%, list=35%, signal=65%","3956/4616/23645",0.195789002148949,"dalessio_tsa_response"
"CHIBA_RESPONSE_TO_TSA_DN","CHIBA_RESPONSE_TO_TSA_DN",1,-0.953907815631262,-1.28163007767455,0.092741935483871,0.689385037211124,0.689385037211124,25,"tags=100%, list=5%, signal=95%","634",0.208955027549354,"chiba_response_to_tsa_dn"
"WANG_RESPONSE_TO_BEXAROTENE_UP","WANG_RESPONSE_TO_BEXAROTENE_UP",1,-0.953907815631262,-1.28163007767455,0.092741935483871,0.689385037211124,0.689385037211124,25,"tags=100%, list=5%, signal=95%","634",0.208955027549354,"wang_response_to_bexarotene_up"
"KAN_RESPONSE_TO_ARSENIC_TRIOXIDE","KAN_RESPONSE_TO_ARSENIC_TRIOXIDE",6,0.47910439943384,1.2763522824684,0.137339055793991,0.788608739770145,0.788608739770145,21,"tags=33%, list=4%, signal=32%","440/5744",0.252961123069611,"kan_response_to_arsenic_trioxide"
"CHEOK_RESPONSE_TO_HD_MTX_DN","CHEOK_RESPONSE_TO_HD_MTX_DN",2,-0.811244979919679,-1.27358471411747,0.114427860696517,0.758736971183323,0.758736971183323,97,"tags=100%, list=19%, signal=81%","10928/11171",0.16823816568964,"cheok_response_to_hd_mtx_dn"
"MASSARWEH_TAMOXIFEN_RESISTANCE_DN","MASSARWEH_TAMOXIFEN_RESISTANCE_DN",9,-0.524717861323429,-1.26970414409673,0.18096357226792,0.788608739770145,0.788608739770145,189,"tags=78%, list=38%, signal=49%","23468/771/90956/4133/161394/51015/3920",0.107140237276725,"massarweh_tamoxifen_resistance_dn"
"CAFFAREL_RESPONSE_TO_THC_24HR_5_DN","CAFFAREL_RESPONSE_TO_THC_24HR_5_DN",3,0.642343774121967,1.26857698096047,0.16231884057971,0.788608739770145,0.788608739770145,8,"tags=67%, list=2%, signal=66%","4830/440",0.188204146308491,"caffarel_response_to_thc_24hr_5_dn"
"SATO_SILENCED_EPIGENETICALLY_IN_PANCREATIC_CANCER","SATO_SILENCED_EPIGENETICALLY_IN_PANCREATIC_CANCER",2,0.762091855495651,1.2678619158165,0.170426065162907,0.788608739770145,0.788608739770145,33,"tags=50%, list=7%, signal=47%","8839",0.169570644405628,"sato_silenced_epigenetically_in_pancreatic_cancer"
"ZHANG_RESPONSE_TO_CANTHARIDIN_DN","ZHANG_RESPONSE_TO_CANTHARIDIN_DN",2,-0.803212851405622,-1.26097496447275,0.131011608623549,0.788608739770145,0.788608739770145,101,"tags=100%, list=20%, signal=80%","11198/4522",0.156312403073186,"zhang_response_to_cantharidin_dn"
"BERENJENO_TRANSFORMED_BY_RHOA_FOREVER_DN","BERENJENO_TRANSFORMED_BY_RHOA_FOREVER_DN",1,0.929859719438878,1.25516243940327,0.138339920948617,0.788608739770145,0.788608739770145,36,"tags=100%, list=7%, signal=93%","151887",0.166933848713193,"berenjeno_transformed_by_rhoa_forever_dn"
"WANG_CISPLATIN_RESPONSE_AND_XPC_DN","WANG_CISPLATIN_RESPONSE_AND_XPC_DN",5,-0.606920753378041,-1.25221306229107,0.172642762284197,0.788608739770145,0.788608739770145,184,"tags=80%, list=37%, signal=51%","11183/402055/5607/9812",0.118287526124085,"wang_cisplatin_response_and_xpc_dn"
"TOOKER_GEMCITABINE_RESISTANCE_UP","TOOKER_GEMCITABINE_RESISTANCE_UP",2,-0.793172690763052,-1.24521277741684,0.150912106135987,0.788608739770145,0.788608739770145,106,"tags=100%, list=21%, signal=79%","5250/51635",0.144630528034484,"tooker_gemcitabine_resistance_up"
"CAFFAREL_RESPONSE_TO_THC_DN","CAFFAREL_RESPONSE_TO_THC_DN",1,-0.925851703406814,-1.24393507539,0.13508064516129,0.788608739770145,0.788608739770145,39,"tags=100%, list=8%, signal=92%","1595",0.170932335370056,"caffarel_response_to_thc_dn"
"AMUNDSON_RESPONSE_TO_ARSENITE","AMUNDSON_RESPONSE_TO_ARSENITE",13,0.327057823422736,1.22609482920832,0.211382113821138,0.808551747311828,0.808551747311828,12,"tags=23%, list=2%, signal=23%","9319/440/602",0.282013350011725,"amundson_response_to_arsenite"
"MARIADASON_RESPONSE_TO_BUTYRATE_CURCUMIN_SULINDAC_TSA_8","MARIADASON_RESPONSE_TO_BUTYRATE_CURCUMIN_SULINDAC_TSA_8",1,-0.911823647294589,-1.22508757424773,0.157258064516129,0.788608739770145,0.788608739770145,46,"tags=100%, list=9%, signal=91%","6655",0.157402899305283,"mariadason_response_to_butyrate_curcumin_sulindac_tsa_8"
"COLDREN_GEFITINIB_RESISTANCE_UP","COLDREN_GEFITINIB_RESISTANCE_UP",2,-0.780014647459938,-1.22455578324943,0.174129353233831,0.788608739770145,0.788608739770145,38,"tags=50%, list=8%, signal=46%","1355",0.133554954557592,"coldren_gefitinib_resistance_up"
"MARIADASON_RESPONSE_TO_CURCUMIN_SULINDAC_7","MARIADASON_RESPONSE_TO_CURCUMIN_SULINDAC_7",1,0.905811623246493,1.2227013418325,0.179841897233202,0.788608739770145,0.788608739770145,48,"tags=100%, list=10%, signal=91%","4791",0.144630528034484,"mariadason_response_to_curcumin_sulindac_7"
"BHATI_G2M_ARREST_BY_2METHOXYESTRADIOL_DN","BHATI_G2M_ARREST_BY_2METHOXYESTRADIOL_DN",5,-0.591622783042159,-1.22064993288001,0.209827357237716,0.808551747311828,0.808551747311828,10,"tags=20%, list=2%, signal=20%","57185",0.105520936843198,"bhati_g2m_arrest_by_2methoxyestradiol_dn"
"DAIRKEE_CANCER_PRONE_RESPONSE_BPA","DAIRKEE_CANCER_PRONE_RESPONSE_BPA",1,-0.907815631262525,-1.21970257392137,0.161290322580645,0.788608739770145,0.788608739770145,48,"tags=100%, list=10%, signal=91%","4522",0.155241966228839,"dairkee_cancer_prone_response_bpa"
"GREGORY_SYNTHETIC_LETHAL_WITH_IMATINIB","GREGORY_SYNTHETIC_LETHAL_WITH_IMATINIB",2,-0.775369109976067,-1.21726268970214,0.182421227197347,0.788608739770145,0.788608739770145,25,"tags=50%, list=5%, signal=48%","634",0.130105630751129,"gregory_synthetic_lethal_with_imatinib"
"RIGGINS_TAMOXIFEN_RESISTANCE_UP","RIGGINS_TAMOXIFEN_RESISTANCE_UP",2,-0.775213010984797,-1.21701762773678,0.18407960199005,0.788608739770145,0.788608739770145,9,"tags=50%, list=2%, signal=49%","7049",0.129442887745046,"riggins_tamoxifen_resistance_up"
"HUMMERICH_BENIGN_SKIN_TUMOR_UP","HUMMERICH_BENIGN_SKIN_TUMOR_UP",1,0.897795591182365,1.21188097597557,0.195652173913043,0.788608739770145,0.788608739770145,52,"tags=100%, list=10%, signal=90%","3053",0.138022242496643,"hummerich_benign_skin_tumor_up"
"MUELLER_METHYLATED_IN_GLIOBLASTOMA","MUELLER_METHYLATED_IN_GLIOBLASTOMA",1,0.897795591182365,1.21188097597557,0.195652173913043,0.788608739770145,0.788608739770145,52,"tags=100%, list=10%, signal=90%","3053",0.138022242496643,"mueller_methylated_in_glioblastoma"
"DUTERTRE_ESTRADIOL_RESPONSE_24HR_UP","DUTERTRE_ESTRADIOL_RESPONSE_24HR_UP",19,0.260669246298197,1.21097318080701,0.293398239026352,0.85812356979405,0.85812356979405,6,"tags=16%, list=1%, signal=16%","9319/79019/4830",0.203508959461977,"dutertre_estradiol_response_24hr_up"
"BILANGES_RAPAMYCIN_SENSITIVE_VIA_TSC1_AND_TSC2","BILANGES_RAPAMYCIN_SENSITIVE_VIA_TSC1_AND_TSC2",3,-0.673947219836458,-1.20653279005796,0.197869101978691,0.788608739770145,0.788608739770145,106,"tags=67%, list=21%, signal=53%","5250/10175",0.118287526124085,"bilanges_rapamycin_sensitive_via_tsc1_and_tsc2"
"TSUNODA_CISPLATIN_RESISTANCE_DN","TSUNODA_CISPLATIN_RESISTANCE_DN",2,0.72289156626506,1.20264595340192,0.238095238095238,0.835682957393484,0.835682957393484,140,"tags=100%, list=28%, signal=72%","972/10272",0.141225119642531,"tsunoda_cisplatin_resistance_dn"
"KOKKINAKIS_METHIONINE_DEPRIVATION_96HR_UP","KOKKINAKIS_METHIONINE_DEPRIVATION_96HR_UP",2,0.720883534136546,1.19930527019803,0.243107769423559,0.835682957393484,0.835682957393484,141,"tags=100%, list=28%, signal=72%","1634/2067",0.139599673451922,"kokkinakis_methionine_deprivation_96hr_up"
"BRACHAT_RESPONSE_TO_CAMPTOTHECIN_UP","BRACHAT_RESPONSE_TO_CAMPTOTHECIN_UP",1,-0.891783567134269,-1.19816257261591,0.195564516129032,0.788608739770145,0.788608739770145,56,"tags=100%, list=11%, signal=89%","5372",0.139599673451922,"brachat_response_to_camptothecin_up"
"BRACHAT_RESPONSE_TO_METHOTREXATE_UP","BRACHAT_RESPONSE_TO_METHOTREXATE_UP",1,-0.891783567134269,-1.19816257261591,0.195564516129032,0.788608739770145,0.788608739770145,56,"tags=100%, list=11%, signal=89%","5372",0.139599673451922,"brachat_response_to_methotrexate_up"
"BHAT_ESR1_TARGETS_NOT_VIA_AKT1_UP","BHAT_ESR1_TARGETS_NOT_VIA_AKT1_UP",9,0.356415478615071,1.19614773746308,0.225165562913907,0.835682957393484,0.835682957393484,325,"tags=100%, list=65%, signal=36%","990/113000/3475/55615/23030/7494/2288/771/65055",0.245041785430996,"bhat_esr1_targets_not_via_akt1_up"
"YAO_TEMPORAL_RESPONSE_TO_PROGESTERONE_CLUSTER_7","YAO_TEMPORAL_RESPONSE_TO_PROGESTERONE_CLUSTER_7",4,0.536290322580645,1.19340655995617,0.239057239057239,0.835682957393484,0.835682957393484,234,"tags=100%, list=47%, signal=54%","28954/10523/84908/997",0.165656695205483,"yao_temporal_response_to_progesterone_cluster_7"
"LI_CYTIDINE_ANALOGS_CYCTOTOXICITY","LI_CYTIDINE_ANALOGS_CYCTOTOXICITY",1,-0.885771543086172,-1.19008507212637,0.211693548387097,0.808551747311828,0.808551747311828,59,"tags=100%, list=12%, signal=88%","23598",0.133554954557592,"li_cytidine_analogs_cyctotoxicity"
"CHEOK_RESPONSE_TO_MERCAPTOPURINE_AND_HD_MTX_DN","CHEOK_RESPONSE_TO_MERCAPTOPURINE_AND_HD_MTX_DN",3,-0.661971830985915,-1.18509387185101,0.220700152207002,0.831404682971581,0.831404682971581,172,"tags=100%, list=34%, signal=66%","57613/64848/10668",0.11101149245045,"cheok_response_to_mercaptopurine_and_hd_mtx_dn"
"WANG_RESPONSE_TO_BEXAROTENE_DN","WANG_RESPONSE_TO_BEXAROTENE_DN",1,0.877755511022044,1.18483006133326,0.235177865612648,0.835682957393484,0.835682957393484,62,"tags=100%, list=12%, signal=88%","2323",0.124434168630393,"wang_response_to_bexarotene_dn"
"TOOKER_GEMCITABINE_RESISTANCE_DN","TOOKER_GEMCITABINE_RESISTANCE_DN",12,0.312989445461309,1.18262550562597,0.183098591549296,0.788608739770145,0.788608739770145,16,"tags=25%, list=3%, signal=25%","9052/440/3956",0.282013350011725,"tooker_gemcitabine_resistance_dn"
"HELLER_HDAC_TARGETS_UP","HELLER_HDAC_TARGETS_UP",9,-0.487997426210729,-1.18084860463018,0.26909518213866,0.842696629213483,0.842696629213483,63,"tags=33%, list=13%, signal=30%","928/55650/3993",0.0838361057159929,"heller_hdac_targets_up"
"WILCOX_RESPONSE_TO_PROGESTERONE_DN","WILCOX_RESPONSE_TO_PROGESTERONE_DN",1,-0.869739478957916,-1.16854507082091,0.241935483870968,0.835682957393484,0.835682957393484,67,"tags=100%, list=13%, signal=87%","368",0.12384217120105,"wilcox_response_to_progesterone_dn"
"SCHAEFFER_PROSTATE_DEVELOPMENT_48HR_UP","SCHAEFFER_PROSTATE_DEVELOPMENT_48HR_UP",16,-0.414170859806841,-1.16746565616711,0.270833333333333,0.842696629213483,0.842696629213483,164,"tags=56%, list=33%, signal=39%","79038/55195/4792/5648/1741/11345/3920/634/3993",0.0797705918628453,"schaeffer_prostate_development_48hr_up"
"KYNG_RESPONSE_TO_H2O2_VIA_ERCC6_DN","KYNG_RESPONSE_TO_H2O2_VIA_ERCC6_DN",4,-0.604909514638059,-1.16230883858509,0.252482269503546,0.842696629213483,0.842696629213483,78,"tags=50%, list=16%, signal=43%","5594/1595",0.0982123351217438,"kyng_response_to_h2o2_via_ercc6_dn"
"NUNODA_RESPONSE_TO_DASATINIB_IMATINIB_UP","NUNODA_RESPONSE_TO_DASATINIB_IMATINIB_UP",3,-0.649164543448256,-1.16216564852569,0.263318112633181,0.842696629213483,0.842696629213483,128,"tags=67%, list=26%, signal=50%","4792/8621",0.0999276973731092,"nunoda_response_to_dasatinib_imatinib_up"
"HANN_RESISTANCE_TO_BCL2_INHIBITOR_DN","HANN_RESISTANCE_TO_BCL2_INHIBITOR_DN",1,-0.86372745490982,-1.16046757033137,0.252016129032258,0.842696629213483,0.842696629213483,70,"tags=100%, list=14%, signal=86%","5106",0.120985142145252,"hann_resistance_to_bcl2_inhibitor_dn"
"BRACHAT_RESPONSE_TO_CAMPTOTHECIN_DN","BRACHAT_RESPONSE_TO_CAMPTOTHECIN_DN",4,0.520161290322581,1.15751463334094,0.279461279461279,0.848274532485059,0.848274532485059,242,"tags=100%, list=48%, signal=52%","6576/6122/2287/5954",0.152144922367565,"brachat_response_to_camptothecin_dn"
"STAMBOLSKY_RESPONSE_TO_VITAMIN_D3_UP","STAMBOLSKY_RESPONSE_TO_VITAMIN_D3_UP",3,-0.645213347681591,-1.15509202745849,0.270928462709285,0.842696629213483,0.842696629213483,19,"tags=33%, list=4%, signal=32%","57210",0.0982123351217438,"stambolsky_response_to_vitamin_d3_up"
"ADDYA_ERYTHROID_DIFFERENTIATION_BY_HEMIN","ADDYA_ERYTHROID_DIFFERENTIATION_BY_HEMIN",1,0.855711422845691,1.15507405522672,0.272727272727273,0.842696629213483,0.842696629213483,73,"tags=100%, list=15%, signal=86%","3385",0.114266502484433,"addya_erythroid_differentiation_by_hemin"
"LEE_LIVER_CANCER_DENA_DN","LEE_LIVER_CANCER_DENA_DN",2,-0.731763008421375,-1.14880486776553,0.266998341625207,0.842696629213483,0.842696629213483,4,"tags=50%, list=1%, signal=50%","224",0.104343952581949,"lee_liver_cancer_dena_dn"
"BILANGES_SERUM_AND_RAPAMYCIN_SENSITIVE_GENES","BILANGES_SERUM_AND_RAPAMYCIN_SENSITIVE_GENES",3,0.579476861167002,1.144419914524,0.272463768115942,0.842696629213483,0.842696629213483,212,"tags=100%, list=42%, signal=58%","6141/6128/6193",0.142056643575821,"bilanges_serum_and_rapamycin_sensitive_genes"
"SCHAEFFER_PROSTATE_DEVELOPMENT_AND_CANCER_BOX2_DN","SCHAEFFER_PROSTATE_DEVELOPMENT_AND_CANCER_BOX2_DN",1,0.845691382765531,1.14154859790556,0.296442687747036,0.85812356979405,0.85812356979405,78,"tags=100%, list=16%, signal=85%","2191",0.108820126769161,"schaeffer_prostate_development_and_cancer_box2_dn"
"MARTINEZ_RESPONSE_TO_TRABECTEDIN_DN","MARTINEZ_RESPONSE_TO_TRABECTEDIN_DN",11,-0.446208628428639,-1.13961010675608,0.329054842473746,0.871523697610654,0.871523697610654,274,"tags=91%, list=55%, signal=42%","23030/7494/6894/158/57120/29090/996/23411/55148/60488",0.0728938564822936,"martinez_response_to_trabectedin_dn"
"DOANE_RESPONSE_TO_ANDROGEN_UP","DOANE_RESPONSE_TO_ANDROGEN_UP",8,0.361043493079902,1.13949543437272,0.241176470588235,0.835682957393484,0.835682957393484,28,"tags=25%, list=6%, signal=24%","9052/5834",0.222056046145248,"doane_response_to_androgen_up"
"CHEOK_RESPONSE_TO_MERCAPTOPURINE_DN","CHEOK_RESPONSE_TO_MERCAPTOPURINE_DN",2,0.684738955823293,1.13917297252793,0.280701754385965,0.848274532485059,0.848274532485059,159,"tags=100%, list=32%, signal=68%","7940/2937",0.128788713061714,"cheok_response_to_mercaptopurine_dn"
"HERNANDEZ_ABERRANT_MITOSIS_BY_DOCETACEL_2NM_UP","HERNANDEZ_ABERRANT_MITOSIS_BY_DOCETACEL_2NM_UP",5,-0.551980243195478,-1.13885851951654,0.288180610889774,0.852146967684816,0.852146967684816,10,"tags=40%, list=2%, signal=40%","57185/7049",0.086794975677172,"hernandez_aberrant_mitosis_by_docetacel_2nm_up"
"PEART_HDAC_PROLIFERATION_CLUSTER_DN","PEART_HDAC_PROLIFERATION_CLUSTER_DN",4,0.51008064516129,1.13508217920643,0.303030303030303,0.868055555555556,0.868055555555555,247,"tags=100%, list=49%, signal=51%","7940/5427/2896/4174",0.14551614609036,"peart_hdac_proliferation_cluster_dn"
"CHAUHAN_RESPONSE_TO_METHOXYESTRADIOL_DN","CHAUHAN_RESPONSE_TO_METHOXYESTRADIOL_DN",3,0.571313702199839,1.12829833605643,0.28695652173913,0.852146967684816,0.852146967684816,16,"tags=33%, list=3%, signal=32%","3956",0.138022242496643,"chauhan_response_to_methoxyestradiol_dn"
"MA_MYELOID_DIFFERENTIATION_UP","MA_MYELOID_DIFFERENTIATION_UP",1,0.835671342685371,1.12802314058441,0.316205533596838,0.869565217391304,0.869565217391304,83,"tags=100%, list=17%, signal=84%","3002",0.104732821580651,"ma_myeloid_differentiation_up"
"DAIRKEE_CANCER_PRONE_RESPONSE_E2","DAIRKEE_CANCER_PRONE_RESPONSE_E2",1,-0.837675350701403,-1.12546506821,0.3125,0.869565217391304,0.869565217391304,83,"tags=100%, list=17%, signal=84%","5164",0.106729884364606,"dairkee_cancer_prone_response_e2"
"HUANG_DASATINIB_RESISTANCE_DN","HUANG_DASATINIB_RESISTANCE_DN",3,-0.627766599597586,-1.12385801829032,0.313546423135464,0.869565217391304,0.869565217391304,189,"tags=100%, list=38%, signal=63%","23468/771/51015",0.0897104652742981,"huang_dasatinib_resistance_dn"
"YAO_TEMPORAL_RESPONSE_TO_PROGESTERONE_CLUSTER_11","YAO_TEMPORAL_RESPONSE_TO_PROGESTERONE_CLUSTER_11",1,-0.82565130260521,-1.10931006723091,0.338709677419355,0.871523697610654,0.871523697610654,89,"tags=100%, list=18%, signal=82%","11171",0.101713902282311,"yao_temporal_response_to_progesterone_cluster_11"
"BANDRES_RESPONSE_TO_CARMUSTIN_MGMT_48HR_DN","BANDRES_RESPONSE_TO_CARMUSTIN_MGMT_48HR_DN",4,0.497983870967742,1.10816323424501,0.323232323232323,0.871459694989107,0.871459694989107,253,"tags=100%, list=51%, signal=50%","112755/2896/87/3675",0.140406238523342,"bandres_response_to_carmustin_mgmt_48hr_dn"
"GYORFFY_DOXORUBICIN_RESISTANCE","GYORFFY_DOXORUBICIN_RESISTANCE",2,-0.704819277108434,-1.10650553132484,0.344941956882255,0.871523697610654,0.871523697610654,150,"tags=100%, list=30%, signal=70%","2327/9957",0.0891647117820678,"gyorffy_doxorubicin_resistance"
"APPEL_IMATINIB_RESPONSE","APPEL_IMATINIB_RESPONSE",2,-0.701690924247363,-1.10159428690072,0.348258706467662,0.871523697610654,0.871523697610654,34,"tags=50%, list=7%, signal=47%","3920",0.0886261133285098,"appel_imatinib_response"
"CAFFAREL_RESPONSE_TO_THC_24HR_5_UP","CAFFAREL_RESPONSE_TO_THC_24HR_5_UP",1,0.813627254509018,1.09826713447786,0.345849802371542,0.871523697610654,0.871523697610654,94,"tags=100%, list=19%, signal=81%","9978",0.0992333343771191,"caffarel_response_to_thc_24hr_5_up"
"HOLLEMAN_PREDNISOLONE_RESISTANCE_B_ALL_DN","HOLLEMAN_PREDNISOLONE_RESISTANCE_B_ALL_DN",1,0.811623246492986,1.09556204301363,0.347826086956522,0.871523697610654,0.871523697610654,95,"tags=100%, list=19%, signal=81%","6515",0.0988903007520636,"holleman_prednisolone_resistance_b_all_dn"
"HU_GENOTOXIN_ACTION_DIRECT_VS_INDIRECT_24HR","HU_GENOTOXIN_ACTION_DIRECT_VS_INDIRECT_24HR",3,-0.611141938375638,-1.09409574863848,0.351598173515982,0.871523697610654,0.871523697610654,149,"tags=67%, list=30%, signal=47%","328/51493",0.0833634065110386,"hu_genotoxin_action_direct_vs_indirect_24hr"
"MILI_PSEUDOPODIA_CHEMOTAXIS_UP","MILI_PSEUDOPODIA_CHEMOTAXIS_UP",1,0.809619238476954,1.0928569515494,0.351778656126482,0.871523697610654,0.871523697610654,96,"tags=100%, list=19%, signal=81%","51668",0.0982123351217438,"mili_pseudopodia_chemotaxis_up"
"HUMMERICH_SKIN_CANCER_PROGRESSION_UP","HUMMERICH_SKIN_CANCER_PROGRESSION_UP",6,0.405175990520706,1.07940419857052,0.313304721030043,0.869565217391304,0.869565217391304,53,"tags=33%, list=11%, signal=30%","3691/7132",0.163180127180689,"hummerich_skin_cancer_progression_up"
"STONER_ESOPHAGEAL_CARCINOGENESIS_UP","STONER_ESOPHAGEAL_CARCINOGENESIS_UP",2,0.64859437751004,1.07904067485784,0.343358395989975,0.871523697610654,0.871523697610654,177,"tags=100%, list=35%, signal=65%","54474/23645",0.114750719227023,"stoner_esophageal_carcinogenesis_up"
"YAO_TEMPORAL_RESPONSE_TO_PROGESTERONE_CLUSTER_8","YAO_TEMPORAL_RESPONSE_TO_PROGESTERONE_CLUSTER_8",5,-0.522790342519666,-1.07863323522731,0.366533864541833,0.899971542401821,0.899971542401821,9,"tags=20%, list=2%, signal=20%","7049",0.0739901439101341,"yao_temporal_response_to_progesterone_cluster_8"
"STAMBOLSKY_RESPONSE_TO_VITAMIN_D3_DN","STAMBOLSKY_RESPONSE_TO_VITAMIN_D3_DN",2,-0.68621355382381,-1.07729614900885,0.39469320066335,0.9048178613396,0.9048178613396,104,"tags=50%, list=21%, signal=40%","6405",0.0817515582532145,"stambolsky_response_to_vitamin_d3_dn"
"CHAUHAN_RESPONSE_TO_METHOXYESTRADIOL_UP","CHAUHAN_RESPONSE_TO_METHOXYESTRADIOL_UP",6,0.404369721311901,1.0772562668334,0.321888412017167,0.871459694989107,0.871459694989107,8,"tags=33%, list=2%, signal=33%","4830/440",0.160801401070022,"chauhan_response_to_methoxyestradiol_up"
"BERENJENO_TRANSFORMED_BY_RHOA_FOREVER_UP","BERENJENO_TRANSFORMED_BY_RHOA_FOREVER_UP",3,-0.599919101942806,-1.07400408603476,0.388127853881279,0.9048178613396,0.9048178613396,144,"tags=67%, list=29%, signal=48%","55365/51635",0.0780892306943345,"berenjeno_transformed_by_rhoa_forever_up"
"HUANG_DASATINIB_SENSITIVITY_UP","HUANG_DASATINIB_SENSITIVITY_UP",1,0.79559118236473,1.07392131129978,0.371541501976285,0.904193920738746,0.904193920738746,103,"tags=100%, list=21%, signal=80%","6591",0.0949751525905595,"huang_dasatinib_sensitivity_up"
"YAO_TEMPORAL_RESPONSE_TO_PROGESTERONE_CLUSTER_5","YAO_TEMPORAL_RESPONSE_TO_PROGESTERONE_CLUSTER_5",2,-0.682920036945315,-1.07212561130943,0.401326699834163,0.910110420979986,0.910110420979986,18,"tags=50%, list=4%, signal=48%","6376",0.0808589150280032,"yao_temporal_response_to_progesterone_cluster_5"
"MCCOLLUM_GELDANAMYCIN_RESISTANCE_UP","MCCOLLUM_GELDANAMYCIN_RESISTANCE_UP",1,-0.79559118236473,-1.06892256478319,0.391129032258065,0.9048178613396,0.9048178613396,104,"tags=100%, list=21%, signal=79%","6405",0.0931454575337804,"mccollum_geldanamycin_resistance_up"
"DUTERTRE_ESTRADIOL_RESPONSE_6HR_UP","DUTERTRE_ESTRADIOL_RESPONSE_6HR_UP",9,-0.441119363501389,-1.06741379541832,0.394829612220917,0.9048178613396,0.9048178613396,82,"tags=33%, list=16%, signal=28%","51015/283578/224",0.0642140881844605,"dutertre_estradiol_response_6hr_up"
"KOKKINAKIS_METHIONINE_DEPRIVATION_48HR_UP","KOKKINAKIS_METHIONINE_DEPRIVATION_48HR_UP",4,-0.553935178798213,-1.06436374158474,0.390070921985816,0.9048178613396,0.9048178613396,128,"tags=50%, list=26%, signal=38%","4792/3320",0.0741758965588009,"kokkinakis_methionine_deprivation_48hr_up"
"HONMA_DOCETAXEL_RESISTANCE","HONMA_DOCETAXEL_RESISTANCE",1,-0.791583166332665,-1.06353756445682,0.393145161290323,0.9048178613396,0.9048178613396,106,"tags=100%, list=21%, signal=79%","5250",0.0928481214159878,"honma_docetaxel_resistance"
"MITSIADES_RESPONSE_TO_APLIDIN_DN","MITSIADES_RESPONSE_TO_APLIDIN_DN",11,0.293934536485472,1.0567054742749,0.379310344827586,0.9048178613396,0.9048178613396,2,"tags=18%, list=0%, signal=19%","9052/9319",0.190023305279108,"mitsiades_response_to_aplidin_dn"
"ZHONG_RESPONSE_TO_AZACITIDINE_AND_TSA_UP","ZHONG_RESPONSE_TO_AZACITIDINE_AND_TSA_UP",10,-0.417292385036325,-1.05359973510908,0.414403778040142,0.910110420979986,0.910110420979986,77,"tags=40%, list=15%, signal=35%","9517/5318/928/51382",0.0621124188949471,"zhong_response_to_azacitidine_and_tsa_up"
"GYORFFY_MITOXANTRONE_RESISTANCE","GYORFFY_MITOXANTRONE_RESISTANCE",2,-0.669197826101739,-1.05058292271738,0.427860696517413,0.911371237458194,0.911371237458194,80,"tags=50%, list=16%, signal=42%","28962",0.0774767547848578,"gyorffy_mitoxantrone_resistance"
"YAO_TEMPORAL_RESPONSE_TO_PROGESTERONE_CLUSTER_0","YAO_TEMPORAL_RESPONSE_TO_PROGESTERONE_CLUSTER_0",3,-0.585704633505325,-1.04855665965139,0.430745814307458,0.911371237458194,0.911371237458194,141,"tags=67%, list=28%, signal=48%","5168/54930",0.0727141077934447,"yao_temporal_response_to_progesterone_cluster_0"
"SCHAEFFER_PROSTATE_DEVELOPMENT_12HR_UP","SCHAEFFER_PROSTATE_DEVELOPMENT_12HR_UP",5,-0.507895317128432,-1.0479014712297,0.415670650730412,0.910110420979986,0.910110420979986,119,"tags=60%, list=24%, signal=46%","6634/3920/634",0.0676760401641789,"schaeffer_prostate_development_12hr_up"
"FRASOR_TAMOXIFEN_RESPONSE_UP","FRASOR_TAMOXIFEN_RESPONSE_UP",1,0.771543086172345,1.04146021372901,0.41304347826087,0.910110420979986,0.910110420979986,115,"tags=100%, list=23%, signal=77%","6576",0.088894528862045,"frasor_tamoxifen_response_up"
"MAHADEVAN_IMATINIB_RESISTANCE_UP","MAHADEVAN_IMATINIB_RESISTANCE_UP",1,0.769539078156313,1.03875512226478,0.41699604743083,0.910110420979986,0.910110420979986,116,"tags=100%, list=23%, signal=77%","3294",0.0883594442500905,"mahadevan_imatinib_resistance_up"
"HU_GENOTOXIC_DAMAGE_24HR","HU_GENOTOXIC_DAMAGE_24HR",2,0.618473895582329,1.02893042679942,0.426065162907268,0.911371237458194,0.911371237458194,192,"tags=100%, list=38%, signal=62%","3002/6122",0.100990587455923,"hu_genotoxic_damage_24hr"
"MARCHINI_TRABECTEDIN_RESISTANCE_UP","MARCHINI_TRABECTEDIN_RESISTANCE_UP",1,0.761523046092184,1.02793475640785,0.430830039525692,0.911371237458194,0.911371237458194,120,"tags=100%, list=24%, signal=76%","4282",0.0865399737444125,"marchini_trabectedin_resistance_up"
"KANG_FLUOROURACIL_RESISTANCE_UP","KANG_FLUOROURACIL_RESISTANCE_UP",1,-0.75751503006012,-1.01776506168273,0.485887096774194,0.930720546925238,0.930720546925238,123,"tags=100%, list=25%, signal=76%","1407",0.0810802057550866,"kang_fluorouracil_resistance_up"
"WANG_RESPONSE_TO_ANDROGEN_UP","WANG_RESPONSE_TO_ANDROGEN_UP",1,-0.755511022044088,-1.01507256151955,0.48991935483871,0.930720546925238,0.930720546925238,124,"tags=100%, list=25%, signal=75%","10513",0.0806388495950661,"wang_response_to_androgen_up"
"WANG_RESPONSE_TO_FORSKOLIN_DN","WANG_RESPONSE_TO_FORSKOLIN_DN",1,-0.755511022044088,-1.01507256151955,0.48991935483871,0.930720546925238,0.930720546925238,124,"tags=100%, list=25%, signal=75%","10513",0.0806388495950661,"wang_response_to_forskolin_dn"
"CHEMNITZ_RESPONSE_TO_PROSTAGLANDIN_E2_UP","CHEMNITZ_RESPONSE_TO_PROSTAGLANDIN_E2_UP",4,0.455645161290323,1.01394692688005,0.410774410774411,0.910110420979986,0.910110420979986,274,"tags=100%, list=55%, signal=46%","990/2067/8439/85377",0.122679189568808,"chemnitz_response_to_prostaglandin_e2_up"
"DELACROIX_RAR_TARGETS_UP","DELACROIX_RAR_TARGETS_UP",2,-0.644578313253012,-1.01193240898938,0.477611940298507,0.930720546925238,0.930720546925238,180,"tags=100%, list=36%, signal=64%","771/11185",0.0718276293603809,"delacroix_rar_targets_up"
"MALONEY_RESPONSE_TO_17AAG_DN","MALONEY_RESPONSE_TO_17AAG_DN",2,-0.644578313253012,-1.01193240898938,0.477611940298507,0.930720546925238,0.930720546925238,180,"tags=100%, list=36%, signal=64%","771/7419",0.0718276293603809,"maloney_response_to_17aag_dn"
"MASSARWEH_RESPONSE_TO_ESTRADIOL","MASSARWEH_RESPONSE_TO_ESTRADIOL",2,-0.644578313253012,-1.01193240898938,0.477611940298507,0.930720546925238,0.930720546925238,180,"tags=100%, list=36%, signal=64%","771/4133",0.0718276293603809,"massarweh_response_to_estradiol"
"STEIN_ESRRA_TARGETS_RESPONSIVE_TO_ESTROGEN_UP","STEIN_ESRRA_TARGETS_RESPONSIVE_TO_ESTROGEN_UP",2,-0.644578313253012,-1.01193240898938,0.477611940298507,0.930720546925238,0.930720546925238,180,"tags=100%, list=36%, signal=64%","771/55148",0.0718276293603809,"stein_esrra_targets_responsive_to_estrogen_up"
"YAO_TEMPORAL_RESPONSE_TO_PROGESTERONE_CLUSTER_15","YAO_TEMPORAL_RESPONSE_TO_PROGESTERONE_CLUSTER_15",3,-0.561753400508812,-1.00567800814567,0.490106544901065,0.930720546925238,0.930720546925238,70,"tags=33%, list=14%, signal=29%","5106",0.0662842187012672,"yao_temporal_response_to_progesterone_cluster_15"
"STEIN_ESRRA_TARGETS_RESPONSIVE_TO_ESTROGEN_DN","STEIN_ESRRA_TARGETS_RESPONSIVE_TO_ESTROGEN_DN",3,0.509054325955734,1.00534110546726,0.457971014492754,0.930720546925238,0.930720546925238,247,"tags=100%, list=49%, signal=51%","990/5427/4174",0.105520936843198,"stein_esrra_targets_responsive_to_estrogen_dn"
"YAO_TEMPORAL_RESPONSE_TO_PROGESTERONE_CLUSTER_1","YAO_TEMPORAL_RESPONSE_TO_PROGESTERONE_CLUSTER_1",4,-0.52273538932045,-1.00441462490785,0.49645390070922,0.930720546925238,0.930720546925238,6,"tags=25%, list=1%, signal=25%","5166",0.062249042949858,"yao_temporal_response_to_progesterone_cluster_1"
"WEIGEL_OXIDATIVE_STRESS_BY_HNE_AND_TBH","WEIGEL_OXIDATIVE_STRESS_BY_HNE_AND_TBH",2,0.602409638554217,1.00220496116827,0.458646616541353,0.930720546925238,0.930720546925238,200,"tags=100%, list=40%, signal=60%","7132/4140",0.0965629554309422,"weigel_oxidative_stress_by_hne_and_tbh"
"SUBTIL_PROGESTIN_TARGETS","SUBTIL_PROGESTIN_TARGETS",2,-0.636546184738956,-0.999322659344652,0.497512437810945,0.930720546925238,0.930720546925238,184,"tags=100%, list=37%, signal=63%","11183/9564",0.0697792517076235,"subtil_progestin_targets"
"STEARMAN_LUNG_CANCER_EARLY_VS_LATE_DN","STEARMAN_LUNG_CANCER_EARLY_VS_LATE_DN",1,0.739478957915832,0.998178750301309,0.492094861660079,0.930720546925238,0.930720546925238,131,"tags=100%, list=26%, signal=74%","5685",0.0793434960134973,"stearman_lung_cancer_early_vs_late_dn"
"MARTINEZ_RESPONSE_TO_TRABECTEDIN","MARTINEZ_RESPONSE_TO_TRABECTEDIN",1,-0.741482965931864,-0.996225060377276,0.514112903225806,0.936298333689383,0.936298333689383,131,"tags=100%, list=26%, signal=74%","23505",0.0780892306943345,"martinez_response_to_trabectedin"
"ELVIDGE_HYPOXIA_BY_DMOG_DN","ELVIDGE_HYPOXIA_BY_DMOG_DN",2,0.596385542168675,0.992182911556587,0.481203007518797,0.930720546925238,0.930720546925238,203,"tags=100%, list=41%, signal=60%","57103/2099",0.0937465422491719,"elvidge_hypoxia_by_dmog_dn"
"SCHAEFFER_PROSTATE_DEVELOPMENT_AND_CANCER_BOX3","SCHAEFFER_PROSTATE_DEVELOPMENT_AND_CANCER_BOX3",1,-0.7374749498998,-0.990840060050913,0.526209677419355,0.93904788112273,0.93904788112273,133,"tags=100%, list=27%, signal=74%","996",0.0768736734126542,"schaeffer_prostate_development_and_cancer_box3"
"HU_GENOTOXIC_DAMAGE_4HR","HU_GENOTOXIC_DAMAGE_4HR",1,0.731462925851703,0.987358384444384,0.50395256916996,0.936298333689383,0.936298333689383,135,"tags=100%, list=27%, signal=73%","3835",0.0780892306943345,"hu_genotoxic_damage_4hr"
"BRACHAT_RESPONSE_TO_METHOTREXATE_DN","BRACHAT_RESPONSE_TO_METHOTREXATE_DN",2,0.592369477911647,0.985501545148798,0.488721804511278,0.930720546925238,0.930720546925238,205,"tags=100%, list=41%, signal=59%","6576/2287",0.0928481214159878,"brachat_response_to_methotrexate_dn"
"BANDRES_RESPONSE_TO_CARMUSTIN_WITHOUT_MGMT_48HR_DN","BANDRES_RESPONSE_TO_CARMUSTIN_WITHOUT_MGMT_48HR_DN",3,0.496981891348089,0.98149902391468,0.489855072463768,0.930720546925238,0.930720546925238,253,"tags=100%, list=51%, signal=50%","513/87/3675",0.101350743797099,"bandres_response_to_carmustin_without_mgmt_48hr_dn"
"MARIADASON_REGULATED_BY_HISTONE_ACETYLATION_UP","MARIADASON_REGULATED_BY_HISTONE_ACETYLATION_UP",1,0.723446893787575,0.97653801858746,0.521739130434783,0.937766410912191,0.937766410912191,139,"tags=100%, list=28%, signal=72%","84572",0.0762797180809272,"mariadason_regulated_by_histone_acetylation_up"
"BHATI_G2M_ARREST_BY_2METHOXYESTRADIOL_UP","BHATI_G2M_ARREST_BY_2METHOXYESTRADIOL_UP",9,-0.402489987684884,-0.973939030838403,0.513513513513513,0.936298333689383,0.936298333689383,99,"tags=33%, list=20%, signal=27%","3320/5594/55148",0.0518457624865066,"bhati_g2m_arrest_by_2methoxyestradiol_up"
"STEARMAN_LUNG_CANCER_EARLY_VS_LATE_UP","STEARMAN_LUNG_CANCER_EARLY_VS_LATE_UP",5,-0.47156109822151,-0.972935862836592,0.51792828685259,0.937041308450409,0.937041308450409,95,"tags=40%, list=19%, signal=33%","2734/5594",0.0571258510018113,"stearman_lung_cancer_early_vs_late_up"
"MANN_RESPONSE_TO_AMIFOSTINE_UP","MANN_RESPONSE_TO_AMIFOSTINE_UP",1,0.719438877755511,0.971127835658997,0.531620553359684,0.93904788112273,0.93904788112273,141,"tags=100%, list=28%, signal=72%","2067",0.0753093764172773,"mann_response_to_amifostine_up"
"WANG_RESPONSE_TO_GSK3_INHIBITOR_SB216763_DN","WANG_RESPONSE_TO_GSK3_INHIBITOR_SB216763_DN",18,0.228426791900325,0.97082518989983,0.461538461538462,0.930720546925238,0.930720546925238,5,"tags=11%, list=1%, signal=11%","9319/79019",0.237793834423688,"wang_response_to_gsk3_inhibitor_sb216763_dn"
"NOUZOVA_TRETINOIN_AND_H4_ACETYLATION","NOUZOVA_TRETINOIN_AND_H4_ACETYLATION",5,-0.465625956726938,-0.960690340394523,0.536520584329349,0.93904788112273,0.93904788112273,243,"tags=80%, list=49%, signal=42%","5704/5684/9552/7673",0.0554793308704233,"nouzova_tretinoin_and_h4_acetylation"
"DONATO_CELL_CYCLE_TRETINOIN","DONATO_CELL_CYCLE_TRETINOIN",1,0.711422845691383,0.960307469802072,0.539525691699605,0.93904788112273,0.93904788112273,145,"tags=100%, list=29%, signal=71%","4335",0.0745500777420554,"donato_cell_cycle_tretinoin"
"GERHOLD_RESPONSE_TO_TZD_DN","GERHOLD_RESPONSE_TO_TZD_DN",1,0.711422845691383,0.960307469802072,0.539525691699605,0.93904788112273,0.93904788112273,145,"tags=100%, list=29%, signal=71%","4335",0.0745500777420554,"gerhold_response_to_tzd_dn"
"FRASOR_RESPONSE_TO_ESTRADIOL_UP","FRASOR_RESPONSE_TO_ESTRADIOL_UP",3,0.484386135142337,0.956623424548518,0.510144927536232,0.936298333689383,0.936298333689383,49,"tags=67%, list=10%, signal=60%","8839/990",0.0988903007520636,"frasor_response_to_estradiol_up"
"HELLER_HDAC_TARGETS_DN","HELLER_HDAC_TARGETS_DN",12,-0.367554467727228,-0.955671617463301,0.552325581395349,0.943427346198252,0.943427346198252,262,"tags=67%, list=52%, signal=33%","7494/2288/5603/11018/3162/1983/23598/634",0.0480220415968251,"heller_hdac_targets_dn"
"CHENG_IMPRINTED_BY_ESTRADIOL","CHENG_IMPRINTED_BY_ESTRADIOL",3,-0.533207218315492,-0.95457325716003,0.569254185692542,0.943427346198252,0.943427346198252,151,"tags=67%, list=30%, signal=47%","23774/10928",0.0590954798717342,"cheng_imprinted_by_estradiol"
"CHUANG_OXIDATIVE_STRESS_RESPONSE_UP","CHUANG_OXIDATIVE_STRESS_RESPONSE_UP",1,-0.709418837675351,-0.953145057766367,0.578629032258065,0.943427346198252,0.943427346198252,147,"tags=100%, list=29%, signal=71%","3162",0.072003313661988,"chuang_oxidative_stress_response_up"
"ZHENG_RESPONSE_TO_ARSENITE_UP","ZHENG_RESPONSE_TO_ARSENITE_UP",1,-0.709418837675351,-0.953145057766367,0.578629032258065,0.943427346198252,0.943427346198252,147,"tags=100%, list=29%, signal=71%","3162",0.072003313661988,"zheng_response_to_arsenite_up"
"KERLEY_RESPONSE_TO_CISPLATIN_UP","KERLEY_RESPONSE_TO_CISPLATIN_UP",1,0.705410821643287,0.952192195409379,0.553359683794466,0.943427346198252,0.943427346198252,148,"tags=100%, list=30%, signal=71%","57103",0.0732558655828455,"kerley_response_to_cisplatin_up"
"SUZUKI_RESPONSE_TO_TSA","SUZUKI_RESPONSE_TO_TSA",1,0.703406813627254,0.949487103945148,0.557312252964427,0.943427346198252,0.943427346198252,149,"tags=100%, list=30%, signal=70%","84220",0.0728938564822936,"suzuki_response_to_tsa"
"CONCANNON_APOPTOSIS_BY_EPOXOMICIN_DN","CONCANNON_APOPTOSIS_BY_EPOXOMICIN_DN",4,-0.493957988817279,-0.949120029357716,0.575886524822695,0.943427346198252,0.943427346198252,199,"tags=75%, list=40%, signal=46%","1774/23468/79090",0.0552495663125249,"concannon_apoptosis_by_epoxomicin_dn"
"MILI_PSEUDOPODIA_CHEMOTAXIS_DN","MILI_PSEUDOPODIA_CHEMOTAXIS_DN",19,-0.324788218274378,-0.943731220388739,0.580576307363927,0.943427346198252,0.943427346198252,104,"tags=32%, list=21%, signal=26%","6405/5786/2734/928/8846/51635",0.0418238690062304,"mili_pseudopodia_chemotaxis_dn"
"XU_RESPONSE_TO_TRETINOIN_AND_NSC682994_UP","XU_RESPONSE_TO_TRETINOIN_AND_NSC682994_UP",4,-0.48828998548687,-0.938229193276214,0.590070921985816,0.943427346198252,0.943427346198252,210,"tags=75%, list=42%, signal=44%","4627/6793/3920",0.0541200569620232,"xu_response_to_tretinoin_and_nsc682994_up"
"KOKKINAKIS_METHIONINE_DEPRIVATION_96HR_DN","KOKKINAKIS_METHIONINE_DEPRIVATION_96HR_DN",5,-0.453247571790723,-0.935150967715433,0.586985391766268,0.943427346198252,0.943427346198252,128,"tags=60%, list=26%, signal=45%","4792/3320/6655",0.0513223330421143,"kokkinakis_methionine_deprivation_96hr_dn"
"BERENJENO_TRANSFORMED_BY_RHOA_REVERSIBLY_DN","BERENJENO_TRANSFORMED_BY_RHOA_REVERSIBLY_DN",1,0.687374749498998,0.927846372231298,0.596837944664032,0.948290172642762,0.948290172642762,157,"tags=100%, list=31%, signal=69%","51550",0.0694481442003175,"berenjeno_transformed_by_rhoa_reversibly_dn"
"BERENJENO_ROCK_SIGNALING_NOT_VIA_RHOA_DN","BERENJENO_ROCK_SIGNALING_NOT_VIA_RHOA_DN",4,-0.481854838709677,-0.925864322505089,0.611347517730496,0.94983371398806,0.94983371398806,262,"tags=100%, list=52%, signal=48%","7494/7414/4627/259282",0.0524827622635459,"berenjeno_rock_signaling_not_via_rhoa_dn"
"KANG_DOXORUBICIN_RESISTANCE_DN","KANG_DOXORUBICIN_RESISTANCE_DN",2,-0.588353413654618,-0.923664161476287,0.60530679933665,0.948290172642762,0.948290172642762,208,"tags=100%, list=42%, signal=59%","9821/80143",0.0602484086158019,"kang_doxorubicin_resistance_dn"
"APPIERTO_RESPONSE_TO_FENRETINIDE_UP","APPIERTO_RESPONSE_TO_FENRETINIDE_UP",3,0.466800804828974,0.921893820033221,0.568115942028986,0.943427346198252,0.943427346198252,268,"tags=100%, list=54%, signal=47%","63874/5704/10598",0.0925528864684773,"appierto_response_to_fenretinide_up"
"WILCOX_RESPONSE_TO_PROGESTERONE_UP","WILCOX_RESPONSE_TO_PROGESTERONE_UP",5,-0.446814225849925,-0.921877538233138,0.606905710491368,0.948290172642762,0.948290172642762,147,"tags=60%, list=29%, signal=43%","3162/64848/1595",0.0497903187820785,"wilcox_response_to_progesterone_up"
"RIGGINS_TAMOXIFEN_RESISTANCE_DN","RIGGINS_TAMOXIFEN_RESISTANCE_DN",7,-0.404093890931675,-0.915502521033886,0.622971285892634,0.957078791175835,0.957078791175835,84,"tags=29%, list=17%, signal=24%","11215/3920",0.04577044581081,"riggins_tamoxifen_resistance_dn"
"YAO_HOXA10_TARGETS_VIA_PROGESTERONE_UP","YAO_HOXA10_TARGETS_VIA_PROGESTERONE_UP",4,-0.475778449892429,-0.914188790449369,0.628368794326241,0.959149546106068,0.959149546106068,167,"tags=50%, list=33%, signal=34%","11185/5168",0.051218434854034,"yao_hoxa10_targets_via_progesterone_up"
"HOLLEMAN_VINCRISTINE_RESISTANCE_B_ALL_UP","HOLLEMAN_VINCRISTINE_RESISTANCE_B_ALL_UP",2,0.546184738955823,0.908665831459231,0.578947368421053,0.943427346198252,0.943427346198252,228,"tags=100%, list=46%, signal=55%","5411/23030",0.0833634065110386,"holleman_vincristine_resistance_b_all_up"
"KIM_GASTRIC_CANCER_CHEMOSENSITIVITY","KIM_GASTRIC_CANCER_CHEMOSENSITIVITY",2,0.546184738955823,0.908665831459231,0.578947368421053,0.943427346198252,0.943427346198252,228,"tags=100%, list=46%, signal=55%","63897/23030",0.0833634065110386,"kim_gastric_cancer_chemosensitivity"
"KYNG_RESPONSE_TO_H2O2","KYNG_RESPONSE_TO_H2O2",4,-0.469758064516129,-0.902620866709982,0.64822695035461,0.960320810468552,0.960320810468552,268,"tags=100%, list=54%, signal=47%","997/5704/3162/7049",0.0497903187820785,"kyng_response_to_h2o2"
"SATO_SILENCED_BY_METHYLATION_IN_PANCREATIC_CANCER_2","SATO_SILENCED_BY_METHYLATION_IN_PANCREATIC_CANCER_2",1,0.667334669338677,0.900795457588986,0.632411067193676,0.959149546106068,0.959149546106068,167,"tags=100%, list=33%, signal=67%","26499",0.0665892104103933,"sato_silenced_by_methylation_in_pancreatic_cancer_2"
"CREIGHTON_AKT1_SIGNALING_VIA_MTOR_DN","CREIGHTON_AKT1_SIGNALING_VIA_MTOR_DN",2,0.540160642570281,0.898643781847548,0.588972431077694,0.943427346198252,0.943427346198252,231,"tags=100%, list=46%, signal=54%","4282/5476",0.0824344091527096,"creighton_akt1_signaling_via_mtor_dn"
"BOWIE_RESPONSE_TO_TAMOXIFEN","BOWIE_RESPONSE_TO_TAMOXIFEN",1,0.661322645290581,0.892680183196293,0.654150197628458,0.960320810468552,0.960320810468552,170,"tags=100%, list=34%, signal=66%","4938",0.0649407684612899,"bowie_response_to_tamoxifen"
"GOBERT_CORE_OLIGODENDROCYTE_DIFFERENTIATION","GOBERT_CORE_OLIGODENDROCYTE_DIFFERENTIATION",1,0.661322645290581,0.892680183196293,0.654150197628458,0.960320810468552,0.960320810468552,170,"tags=100%, list=34%, signal=66%","4938",0.0649407684612899,"gobert_core_oligodendrocyte_differentiation"
"LIANG_SILENCED_BY_METHYLATION_2","LIANG_SILENCED_BY_METHYLATION_2",1,0.661322645290581,0.892680183196293,0.654150197628458,0.960320810468552,0.960320810468552,170,"tags=100%, list=34%, signal=66%","4938",0.0649407684612899,"liang_silenced_by_methylation_2"
"KOBAYASHI_RESPONSE_TO_ROMIDEPSIN","KOBAYASHI_RESPONSE_TO_ROMIDEPSIN",2,-0.56425702811245,-0.885834912542105,0.673300165837479,0.960320810468552,0.960320810468552,220,"tags=100%, list=44%, signal=56%","4804/9821",0.0552495663125249,"kobayashi_response_to_romidepsin"
"KIM_RESPONSE_TO_TSA_AND_DECITABINE_UP","KIM_RESPONSE_TO_TSA_AND_DECITABINE_UP",3,0.44839389859892,0.885541669557315,0.634782608695652,0.959149546106068,0.959149546106068,70,"tags=67%, list=14%, signal=58%","8839/1591",0.0862865626267245,"kim_response_to_tsa_and_decitabine_up"
"BILANGES_SERUM_SENSITIVE_GENES","BILANGES_SERUM_SENSITIVE_GENES",2,-0.563044264393551,-0.883930978006351,0.674958540630182,0.960320810468552,0.960320810468552,101,"tags=50%, list=20%, signal=40%","11198",0.0551351763385257,"bilanges_serum_sensitive_genes"
"MARIADASON_RESPONSE_TO_BUTYRATE_CURCUMIN_SULINDAC_TSA_2","MARIADASON_RESPONSE_TO_BUTYRATE_CURCUMIN_SULINDAC_TSA_2",1,0.653306613226453,0.881859817339368,0.673913043478261,0.960320810468552,0.960320810468552,174,"tags=100%, list=35%, signal=65%","513",0.0635007968065945,"mariadason_response_to_butyrate_curcumin_sulindac_tsa_2"
"WANG_RESPONSE_TO_GSK3_INHIBITOR_SB216763_UP","WANG_RESPONSE_TO_GSK3_INHIBITOR_SB216763_UP",9,0.262729124236252,0.881731760758498,0.602649006622517,0.948290172642762,0.948290172642762,371,"tags=100%, list=74%, signal=26%","4791/57719/4671/972/920/4257/55761/5168/23505",0.144630528034484,"wang_response_to_gsk3_inhibitor_sb216763_up"
"MARCINIAK_ER_STRESS_RESPONSE_VIA_CHOP","MARCINIAK_ER_STRESS_RESPONSE_VIA_CHOP",1,0.647294589178357,0.873744542946674,0.681818181818182,0.960320810468552,0.960320810468552,177,"tags=100%, list=35%, signal=65%","23645",0.0629394692018967,"marciniak_er_stress_response_via_chop"
"MASRI_RESISTANCE_TO_TAMOXIFEN_AND_AROMATASE_INHIBITORS_UP","MASRI_RESISTANCE_TO_TAMOXIFEN_AND_AROMATASE_INHIBITORS_UP",1,0.64128256513026,0.865629268553981,0.701581027667984,0.960320810468552,0.960320810468552,180,"tags=100%, list=36%, signal=64%","56603",0.0615706755421678,"masri_resistance_to_tamoxifen_and_aromatase_inhibitors_up"
"PARK_OSTEOBLAST_DIFFERENTIATION_BY_PHENYLAMIL_UP","PARK_OSTEOBLAST_DIFFERENTIATION_BY_PHENYLAMIL_UP",1,0.64128256513026,0.865629268553981,0.701581027667984,0.960320810468552,0.960320810468552,180,"tags=100%, list=36%, signal=64%","56603",0.0615706755421678,"park_osteoblast_differentiation_by_phenylamil_up"
"BANDRES_RESPONSE_TO_CARMUSTIN_WITHOUT_MGMT_24HR_DN","BANDRES_RESPONSE_TO_CARMUSTIN_WITHOUT_MGMT_24HR_DN",2,0.518072289156627,0.861896266604712,0.654135338345865,0.960320810468552,0.960320810468552,242,"tags=100%, list=48%, signal=52%","87/5954",0.0768736734126542,"bandres_response_to_carmustin_without_mgmt_24hr_dn"
"GAJATE_RESPONSE_TO_TRABECTEDIN_UP","GAJATE_RESPONSE_TO_TRABECTEDIN_UP",4,-0.447996850239881,-0.860807585418216,0.700709219858156,0.960320810468552,0.960320810468552,87,"tags=50%, list=17%, signal=42%","79090/5106",0.0462302524077616,"gajate_response_to_trabectedin_up"
"MOREIRA_RESPONSE_TO_TSA_UP","MOREIRA_RESPONSE_TO_TSA_UP",2,0.516064257028112,0.858555583400817,0.659147869674185,0.960320810468552,0.960320810468552,243,"tags=100%, list=49%, signal=52%","4282/2288",0.0764767053228531,"moreira_response_to_tsa_up"
"DARWICHE_SKIN_TUMOR_PROMOTER_DN","DARWICHE_SKIN_TUMOR_PROMOTER_DN",7,0.29586726900921,0.857433828301088,0.621890547263682,0.957078791175835,0.957078791175835,32,"tags=43%, list=6%, signal=41%","440/90273/65078",0.120985142145252,"darwiche_skin_tumor_promoter_dn"
"SCHAEFFER_PROSTATE_DEVELOPMENT_AND_CANCER_BOX1_DN","SCHAEFFER_PROSTATE_DEVELOPMENT_AND_CANCER_BOX1_DN",1,0.633266533066132,0.854808902697056,0.719367588932806,0.960320810468552,0.960320810468552,184,"tags=100%, list=37%, signal=63%","57586",0.0603786357920401,"schaeffer_prostate_development_and_cancer_box1_dn"
"WHITEHURST_PACLITAXEL_SENSITIVITY","WHITEHURST_PACLITAXEL_SENSITIVITY",1,0.633266533066132,0.854808902697056,0.719367588932806,0.960320810468552,0.960320810468552,184,"tags=100%, list=37%, signal=63%","57586",0.0603786357920401,"whitehurst_paclitaxel_sensitivity"
"ZHANG_ANTIVIRAL_RESPONSE_TO_RIBAVIRIN_DN","ZHANG_ANTIVIRAL_RESPONSE_TO_RIBAVIRIN_DN",1,-0.635270541082164,-0.853522551728639,0.713709677419355,0.960320810468552,0.960320810468552,184,"tags=100%, list=37%, signal=63%","11183",0.0617054053637522,"zhang_antiviral_response_to_ribavirin_dn"
"HUMMERICH_SKIN_CANCER_PROGRESSION_DN","HUMMERICH_SKIN_CANCER_PROGRESSION_DN",3,0.428571428571429,0.846393895116708,0.666666666666667,0.960320810468552,0.960320810468552,287,"tags=100%, list=57%, signal=43%","3956/5837/1947",0.0835990603684159,"hummerich_skin_cancer_progression_dn"
"YAO_TEMPORAL_RESPONSE_TO_PROGESTERONE_CLUSTER_9","YAO_TEMPORAL_RESPONSE_TO_PROGESTERONE_CLUSTER_9",2,-0.538662886411495,-0.845654315499125,0.728026533996683,0.967185008932792,0.967185008932792,113,"tags=50%, list=23%, signal=39%","51493",0.0516355964484201,"yao_temporal_response_to_progesterone_cluster_9"
"SCHAEFFER_PROSTATE_DEVELOPMENT_6HR_DN","SCHAEFFER_PROSTATE_DEVELOPMENT_6HR_DN",14,-0.315584903102765,-0.845652035910108,0.704622322435175,0.960320810468552,0.960320810468552,135,"tags=43%, list=27%, signal=32%","83874/996/10513/6634/5019/6767",0.0353910624222457,"schaeffer_prostate_development_6hr_dn"
"HU_GENOTOXIN_ACTION_DIRECT_VS_INDIRECT_4HR","HU_GENOTOXIN_ACTION_DIRECT_VS_INDIRECT_4HR",5,-0.408806291472385,-0.843458681020964,0.707835325365206,0.960320810468552,0.960320810468552,231,"tags=60%, list=46%, signal=33%","1856/29058/4792",0.0427591434738678,"hu_genotoxin_action_direct_vs_indirect_4hr"
"HERNANDEZ_ABERRANT_MITOSIS_BY_DOCETACEL_2NM_DN","HERNANDEZ_ABERRANT_MITOSIS_BY_DOCETACEL_2NM_DN",3,0.424547283702213,0.83844653459918,0.684057971014493,0.960320810468552,0.960320810468552,289,"tags=100%, list=58%, signal=42%","89801/3937/3556",0.0822054920415869,"hernandez_aberrant_mitosis_by_docetacel_2nm_dn"
"KOKKINAKIS_METHIONINE_DEPRIVATION_48HR_DN","KOKKINAKIS_METHIONINE_DEPRIVATION_48HR_DN",3,0.419970802743707,0.829408354995585,0.695652173913043,0.960320810468552,0.960320810468552,6,"tags=33%, list=1%, signal=33%","4830",0.0813027345384499,"kokkinakis_methionine_deprivation_48hr_dn"
"YAO_TEMPORAL_RESPONSE_TO_PROGESTERONE_CLUSTER_16","YAO_TEMPORAL_RESPONSE_TO_PROGESTERONE_CLUSTER_16",5,0.331332037402622,0.828814556453479,0.678714859437751,0.960320810468552,0.960320810468552,4,"tags=20%, list=1%, signal=20%","11015",0.101350743797099,"yao_temporal_response_to_progesterone_cluster_16"
"HELLEBREKERS_SILENCED_DURING_TUMOR_ANGIOGENESIS","HELLEBREKERS_SILENCED_DURING_TUMOR_ANGIOGENESIS",2,0.495983935742972,0.825148751361875,0.711779448621554,0.960320810468552,0.960320810468552,253,"tags=100%, list=51%, signal=50%","9235/3675",0.0725351864394589,"hellebrekers_silenced_during_tumor_angiogenesis"
"LI_CISPLATIN_RESISTANCE_UP","LI_CISPLATIN_RESISTANCE_UP",1,0.61122244488978,0.825052896590513,0.770750988142292,0.99604743083004,0.99604743083004,195,"tags=100%, list=39%, signal=61%","4257",0.0571258510018113,"li_cisplatin_resistance_up"
"YAO_TEMPORAL_RESPONSE_TO_PROGESTERONE_CLUSTER_10","YAO_TEMPORAL_RESPONSE_TO_PROGESTERONE_CLUSTER_10",4,-0.42715705813647,-0.820764779064668,0.753191489361702,0.991041433370661,0.991041433370661,259,"tags=75%, list=52%, signal=36%","2288/11154/5898",0.0429311093452583,"yao_temporal_response_to_progesterone_cluster_10"
"MARIADASON_RESPONSE_TO_BUTYRATE_SULINDAC_4","MARIADASON_RESPONSE_TO_BUTYRATE_SULINDAC_4",1,0.605210420841683,0.816937622197819,0.782608695652174,0.99604743083004,0.99604743083004,198,"tags=100%, list=40%, signal=61%","84908",0.0564118388217596,"mariadason_response_to_butyrate_sulindac_4"
"FRASOR_RESPONSE_TO_SERM_OR_FULVESTRANT_DN","FRASOR_RESPONSE_TO_SERM_OR_FULVESTRANT_DN",4,-0.424898276412373,-0.816424622563867,0.757446808510638,0.991894630192503,0.991894630192502,48,"tags=25%, list=10%, signal=23%","4522",0.0426733861156084,"frasor_response_to_serm_or_fulvestrant_dn"
"KUWANO_RNA_STABILIZED_BY_NO","KUWANO_RNA_STABILIZED_BY_NO",2,-0.514073114908493,-0.807050493121124,0.7893864013267,0.99604743083004,0.99604743083004,147,"tags=50%, list=29%, signal=35%","3162",0.047925896705813,"kuwano_rna_stabilized_by_no"
"MA_MYELOID_DIFFERENTIATION_DN","MA_MYELOID_DIFFERENTIATION_DN",2,0.483935742971888,0.80510465213851,0.744360902255639,0.984131000578369,0.984131000578369,259,"tags=100%, list=52%, signal=48%","7494/5704",0.0702812841717392,"ma_myeloid_differentiation_dn"
"YAO_TEMPORAL_RESPONSE_TO_PROGESTERONE_CLUSTER_2","YAO_TEMPORAL_RESPONSE_TO_PROGESTERONE_CLUSTER_2",1,0.595190380761523,0.803412164876664,0.804347826086957,0.99604743083004,0.99604743083004,203,"tags=100%, list=41%, signal=60%","2099",0.0551351763385257,"yao_temporal_response_to_progesterone_cluster_2"
"CONCANNON_APOPTOSIS_BY_EPOXOMICIN_UP","CONCANNON_APOPTOSIS_BY_EPOXOMICIN_UP",9,-0.331587359603922,-0.802369950886203,0.716803760282021,0.960320810468552,0.960320810468552,246,"tags=67%, list=49%, signal=34%","55968/10867/8974/4133/3162/1983",0.0365314928349125,"concannon_apoptosis_by_epoxomicin_up"
"CHIBA_RESPONSE_TO_TSA","CHIBA_RESPONSE_TO_TSA",2,-0.508034966853045,-0.797571120976647,0.804311774461028,0.99604743083004,0.99604743083004,112,"tags=50%, list=22%, signal=39%","8508",0.0470699590082662,"chiba_response_to_tsa"
"LUND_SILENCED_BY_METHYLATION","LUND_SILENCED_BY_METHYLATION",2,-0.508032128514056,-0.797566665029012,0.804311774461028,0.99604743083004,0.99604743083004,248,"tags=100%, list=50%, signal=51%","84336/3162",0.0470699590082662,"lund_silenced_by_methylation"
"CHIBA_RESPONSE_TO_TSA_UP","CHIBA_RESPONSE_TO_TSA_UP",5,-0.383192779467206,-0.790612285300408,0.774236387782204,0.99604743083004,0.99604743083004,267,"tags=80%, list=53%, signal=38%","7205/3675/4804/928",0.03863723737086,"chiba_response_to_tsa_up"
"FRASOR_RESPONSE_TO_SERM_OR_FULVESTRANT_UP","FRASOR_RESPONSE_TO_SERM_OR_FULVESTRANT_UP",1,-0.587174348697395,-0.788902547812276,0.806451612903226,0.99604743083004,0.99604743083004,208,"tags=100%, list=42%, signal=59%","9821",0.0559428593065705,"frasor_response_to_serm_or_fulvestrant_up"
"SATO_SILENCED_BY_DEACETYLATION_IN_PANCREATIC_CANCER","SATO_SILENCED_BY_DEACETYLATION_IN_PANCREATIC_CANCER",3,-0.438816894095663,-0.785591150129363,0.789954337899543,0.99604743083004,0.99604743083004,220,"tags=67%, list=44%, signal=38%","4804/3162",0.0439759278026345,"sato_silenced_by_deacetylation_in_pancreatic_cancer"
"SCHAEFFER_PROSTATE_DEVELOPMENT_48HR_DN","SCHAEFFER_PROSTATE_DEVELOPMENT_48HR_DN",17,-0.279302806733372,-0.783966364675329,0.792165397170838,0.99604743083004,0.99604743083004,206,"tags=53%, list=41%, signal=32%","54437/8974/11183/3097/83641/5019/51015/51635/8814",0.0279402790995263,"schaeffer_prostate_development_48hr_dn"
"PODAR_RESPONSE_TO_ADAPHOSTIN_UP","PODAR_RESPONSE_TO_ADAPHOSTIN_UP",6,0.293522267206478,0.781954446978566,0.815450643776824,0.99604743083004,0.99604743083004,355,"tags=100%, list=71%, signal=29%","440/3475/23645/9821/8974/3162",0.0943563635421779,"podar_response_to_adaphostin_up"
"SASSON_RESPONSE_TO_FORSKOLIN_DN","SASSON_RESPONSE_TO_FORSKOLIN_DN",3,-0.436619718309859,-0.781657660157051,0.794520547945205,0.99604743083004,0.99604743083004,284,"tags=100%, list=57%, signal=43%","87/3675/7414",0.0437125833579551,"sasson_response_to_forskolin_dn"
"WHITESIDE_CISPLATIN_RESISTANCE_DN","WHITESIDE_CISPLATIN_RESISTANCE_DN",1,0.577154308617234,0.779066341698583,0.853754940711462,0.99604743083004,0.99604743083004,212,"tags=100%, list=42%, signal=58%","6193",0.0523759084097997,"whiteside_cisplatin_resistance_dn"
"KOBAYASHI_EGFR_SIGNALING_24HR_UP","KOBAYASHI_EGFR_SIGNALING_24HR_UP",7,-0.343731898128583,-0.778748272019012,0.794007490636704,0.99604743083004,0.99604743083004,12,"tags=14%, list=2%, signal=14%","2036",0.034566432206351,"kobayashi_egfr_signaling_24hr_up"
"ZIRN_TRETINOIN_RESPONSE_UP","ZIRN_TRETINOIN_RESPONSE_UP",1,0.575150300601202,0.776361250234352,0.855731225296443,0.99604743083004,0.99604743083004,213,"tags=100%, list=43%, signal=58%","22795",0.0522693317499306,"zirn_tretinoin_response_up"
"LEE_LIVER_CANCER_CIPROFIBRATE_DN","LEE_LIVER_CANCER_CIPROFIBRATE_DN",1,-0.577154308617234,-0.775440046996366,0.834677419354839,0.99604743083004,0.99604743083004,213,"tags=100%, list=43%, signal=58%","3556",0.0543434390269162,"lee_liver_cancer_ciprofibrate_dn"
"KANG_CISPLATIN_RESISTANCE_UP","KANG_CISPLATIN_RESISTANCE_UP",1,0.571142284569138,0.770951067305889,0.861660079051383,0.99604743083004,0.99604743083004,215,"tags=100%, list=43%, signal=57%","2896",0.0519512476197082,"kang_cisplatin_resistance_up"
"SCHLINGEMANN_SKIN_CARCINOGENESIS_TPA_DN","SCHLINGEMANN_SKIN_CARCINOGENESIS_TPA_DN",1,0.571142284569138,0.770951067305889,0.861660079051383,0.99604743083004,0.99604743083004,215,"tags=100%, list=43%, signal=57%","2896",0.0519512476197082,"schlingemann_skin_carcinogenesis_tpa_dn"
"BANDRES_RESPONSE_TO_CARMUSTIN_MGMT_24HR_DN","BANDRES_RESPONSE_TO_CARMUSTIN_MGMT_24HR_DN",1,0.565130260521042,0.762835792913196,0.879446640316206,0.99604743083004,0.99604743083004,218,"tags=100%, list=44%, signal=57%","87",0.051011413203915,"bandres_response_to_carmustin_mgmt_24hr_dn"
"CHEOK_RESPONSE_TO_HD_MTX_UP","CHEOK_RESPONSE_TO_HD_MTX_UP",3,-0.422948590123493,-0.757182947674463,0.828006088280061,0.99604743083004,0.99604743083004,111,"tags=33%, list=22%, signal=26%","1511",0.0418238690062304,"cheok_response_to_hd_mtx_up"
"YAO_TEMPORAL_RESPONSE_TO_PROGESTERONE_CLUSTER_3","YAO_TEMPORAL_RESPONSE_TO_PROGESTERONE_CLUSTER_3",2,-0.481016321065129,-0.75515417526556,0.85240464344942,0.99604743083004,0.99604743083004,128,"tags=50%, list=26%, signal=37%","4792",0.0444181153081573,"yao_temporal_response_to_progesterone_cluster_3"
"HELLER_SILENCED_BY_METHYLATION_DN","HELLER_SILENCED_BY_METHYLATION_DN",7,-0.333255206483941,-0.755012606056205,0.820224719101124,0.99604743083004,0.99604743083004,147,"tags=43%, list=29%, signal=31%","3162/5168/634",0.0330162512586498,"heller_silenced_by_methylation_dn"
"PEART_HDAC_PROLIFERATION_CLUSTER_UP","PEART_HDAC_PROLIFERATION_CLUSTER_UP",3,-0.421651840293365,-0.754861443638982,0.835616438356164,0.99604743083004,0.99604743083004,76,"tags=33%, list=15%, signal=28%","10668",0.0414044273760278,"peart_hdac_proliferation_cluster_up"
"MALIK_REPRESSED_BY_ESTROGEN","MALIK_REPRESSED_BY_ESTROGEN",1,0.555110220440882,0.74931033559204,0.897233201581028,0.99604743083004,0.99604743083004,223,"tags=100%, list=45%, signal=56%","64781",0.0500922874402106,"malik_repressed_by_estrogen"
"YIH_RESPONSE_TO_ARSENITE_C3","YIH_RESPONSE_TO_ARSENITE_C3",1,-0.557114228456914,-0.748515045364548,0.883064516129032,0.99604743083004,0.99604743083004,223,"tags=100%, list=45%, signal=56%","4706",0.0517405459873163,"yih_response_to_arsenite_c3"
"JOSEPH_RESPONSE_TO_SODIUM_BUTYRATE_DN","JOSEPH_RESPONSE_TO_SODIUM_BUTYRATE_DN",1,0.547094188376753,0.738489969735115,0.91304347826087,0.99604743083004,0.99604743083004,227,"tags=100%, list=45%, signal=55%","5836",0.0492917662312669,"joseph_response_to_sodium_butyrate_dn"
"WILENSKY_RESPONSE_TO_DARAPLADIB","WILENSKY_RESPONSE_TO_DARAPLADIB",2,-0.469459985559456,-0.737011724322203,0.87893864013267,0.99604743083004,0.99604743083004,147,"tags=50%, list=29%, signal=35%","3162",0.0430173196927508,"wilensky_response_to_darapladib"
"HOLLEMAN_VINCRISTINE_RESISTANCE_ALL_UP","HOLLEMAN_VINCRISTINE_RESISTANCE_ALL_UP",1,0.545090180360721,0.735784878270884,0.91897233201581,0.99604743083004,0.99604743083004,228,"tags=100%, list=46%, signal=55%","23030",0.0489954089862481,"holleman_vincristine_resistance_all_up"
"SASSON_RESPONSE_TO_FORSKOLIN_UP","SASSON_RESPONSE_TO_FORSKOLIN_UP",3,-0.410199332683902,-0.734358612627143,0.856925418569254,0.99604743083004,0.99604743083004,244,"tags=67%, list=49%, signal=34%","7984/8974",0.0402477565068868,"sasson_response_to_forskolin_up"
"NELSON_RESPONSE_TO_ANDROGEN_UP","NELSON_RESPONSE_TO_ANDROGEN_UP",2,-0.460634820816798,-0.723156976133894,0.893864013266998,0.99604743083004,0.99604743083004,124,"tags=50%, list=25%, signal=38%","10513",0.0422468188360053,"nelson_response_to_androgen_up"
"BLUM_RESPONSE_TO_SALIRASIB_DN","BLUM_RESPONSE_TO_SALIRASIB_DN",16,-0.256355990965016,-0.722616785120814,0.827850877192982,0.99604743083004,0.99604743083004,99,"tags=25%, list=20%, signal=21%","3320/368/7419/4522",0.0260437699289678,"blum_response_to_salirasib_dn"
"CREIGHTON_AKT1_SIGNALING_VIA_MTOR_UP","CREIGHTON_AKT1_SIGNALING_VIA_MTOR_UP",1,0.533066132264529,0.719554329485497,0.944664031620553,0.99604743083004,0.99604743083004,234,"tags=100%, list=47%, signal=53%","997",0.0477342401407188,"creighton_akt1_signaling_via_mtor_up"
"KYNG_RESPONSE_TO_H2O2_VIA_ERCC6","KYNG_RESPONSE_TO_H2O2_VIA_ERCC6",1,0.533066132264529,0.719554329485497,0.944664031620553,0.99604743083004,0.99604743083004,234,"tags=100%, list=47%, signal=53%","997",0.0477342401407188,"kyng_response_to_h2o2_via_ercc6"
"DOANE_RESPONSE_TO_ANDROGEN_DN","DOANE_RESPONSE_TO_ANDROGEN_DN",5,-0.347474747474747,-0.716918008129385,0.873837981407703,0.99604743083004,0.99604743083004,329,"tags=100%, list=66%, signal=35%","63897/513/8498/4174/6405",0.0329431471724691,"doane_response_to_androgen_dn"
"KYNG_RESPONSE_TO_H2O2_VIA_ERCC6_UP","KYNG_RESPONSE_TO_H2O2_VIA_ERCC6_UP",1,0.531062124248497,0.716849238021265,0.946640316205534,0.99604743083004,0.99604743083004,235,"tags=100%, list=47%, signal=53%","7205",0.0476387259290825,"kyng_response_to_h2o2_via_ercc6_up"
"MISSIAGLIA_REGULATED_BY_METHYLATION_UP","MISSIAGLIA_REGULATED_BY_METHYLATION_UP",5,-0.345230165868393,-0.71228693497657,0.873837981407703,0.99604743083004,0.99604743083004,63,"tags=20%, list=13%, signal=18%","928",0.0329431471724691,"missiaglia_regulated_by_methylation_up"
"STOSSI_RESPONSE_TO_ESTRADIOL","STOSSI_RESPONSE_TO_ESTRADIOL",3,-0.395180323186465,-0.707470858067896,0.896499238964992,0.99604743083004,0.99604743083004,180,"tags=67%, list=36%, signal=43%","771/5898",0.0381628909049257,"stossi_response_to_estradiol"
"MAYBURD_RESPONSE_TO_L663536_UP","MAYBURD_RESPONSE_TO_L663536_UP",2,-0.449799196787149,-0.706145980104738,0.917081260364842,0.99604743083004,0.99604743083004,277,"tags=100%, list=55%, signal=45%","7593/3556",0.0410713282497468,"mayburd_response_to_l663536_up"
"MARIADASON_RESPONSE_TO_CURCUMIN_SULINDAC_5","MARIADASON_RESPONSE_TO_CURCUMIN_SULINDAC_5",1,0.521042084168337,0.70332378070011,0.960474308300395,0.99604743083004,0.99604743083004,240,"tags=100%, list=48%, signal=52%","7494",0.0469758727821845,"mariadason_response_to_curcumin_sulindac_5"
"KANG_FLUOROURACIL_RESISTANCE_DN","KANG_FLUOROURACIL_RESISTANCE_DN",2,0.421225845811912,0.700776689858698,0.894736842105263,0.99604743083004,0.99604743083004,13,"tags=50%, list=3%, signal=49%","3691",0.0613026075396207,"kang_fluorouracil_resistance_dn"
"PELLICCIOTTA_HDAC_IN_ANTIGEN_PRESENTATION_DN","PELLICCIOTTA_HDAC_IN_ANTIGEN_PRESENTATION_DN",6,-0.322675103785159,-0.697448587475906,0.875162548764629,0.99604743083004,0.99604743083004,245,"tags=67%, list=49%, signal=34%","5714/5684/5711/5720",0.0318534652552707,"pellicciotta_hdac_in_antigen_presentation_dn"
"XU_RESPONSE_TO_TRETINOIN_DN","XU_RESPONSE_TO_TRETINOIN_DN",1,0.513026052104208,0.692503414843185,0.974308300395257,0.99604743083004,0.99604743083004,244,"tags=100%, list=49%, signal=51%","5891",0.0463227785794633,"xu_response_to_tretinoin_dn"
"CAFFAREL_RESPONSE_TO_THC_24HR_3_DN","CAFFAREL_RESPONSE_TO_THC_24HR_3_DN",1,-0.513026052104208,-0.689280041774548,0.969758064516129,0.99604743083004,0.99604743083004,245,"tags=100%, list=49%, signal=51%","5714",0.0474483193656297,"caffarel_response_to_thc_24hr_3_dn"
"EGUCHI_CELL_CYCLE_RB1_TARGETS","EGUCHI_CELL_CYCLE_RB1_TARGETS",1,0.507014028056112,0.684388140450491,0.990118577075099,0.99604743083004,0.99604743083004,247,"tags=100%, list=49%, signal=51%","4174",0.0455878202571231,"eguchi_cell_cycle_rb1_targets"
"GAJATE_RESPONSE_TO_TRABECTEDIN_DN","GAJATE_RESPONSE_TO_TRABECTEDIN_DN",1,0.507014028056112,0.684388140450491,0.990118577075099,0.99604743083004,0.99604743083004,247,"tags=100%, list=49%, signal=51%","4174",0.0455878202571231,"gajate_response_to_trabectedin_dn"
"MCDOWELL_ACUTE_LUNG_INJURY_UP","MCDOWELL_ACUTE_LUNG_INJURY_UP",2,-0.434433412002932,-0.682023022051383,0.938640132669983,0.99604743083004,0.99604743083004,128,"tags=50%, list=26%, signal=37%","4792",0.0400031517498194,"mcdowell_acute_lung_injury_up"
"MCCLUNG_COCAINE_REWARD_5D","MCCLUNG_COCAINE_REWARD_5D",4,0.306451612903226,0.681946605689238,0.892255892255892,0.99604743083004,0.99604743083004,348,"tags=100%, list=70%, signal=31%","112755/920/87/55734",0.0760837160951725,"mcclung_cocaine_reward_5d"
"BANDRES_RESPONSE_TO_CARMUSTIN_WITHOUT_MGMT_48HR_UP","BANDRES_RESPONSE_TO_CARMUSTIN_WITHOUT_MGMT_48HR_UP",3,-0.380281690140845,-0.68079860723356,0.919330289193303,0.99604743083004,0.99604743083004,312,"tags=100%, list=62%, signal=38%","6480/6617/2101",0.036993251998507,"bandres_response_to_carmustin_without_mgmt_48hr_up"
"BANDRES_RESPONSE_TO_CARMUSTIN_MGMT_24HR_UP","BANDRES_RESPONSE_TO_CARMUSTIN_MGMT_24HR_UP",1,0.503006012024048,0.678977957522029,0.99604743083004,0.99604743083004,0.99604743083004,249,"tags=100%, list=50%, signal=50%","6617",0.0453152441270267,"bandres_response_to_carmustin_mgmt_24hr_up"
"BANDRES_RESPONSE_TO_CARMUSTIN_MGMT_48HR_UP","BANDRES_RESPONSE_TO_CARMUSTIN_MGMT_48HR_UP",1,0.503006012024048,0.678977957522029,0.99604743083004,0.99604743083004,0.99604743083004,249,"tags=100%, list=50%, signal=50%","6617",0.0453152441270267,"bandres_response_to_carmustin_mgmt_48hr_up"
"BANDRES_RESPONSE_TO_CARMUSTIN_WITHOUT_MGMT_24HR_UP","BANDRES_RESPONSE_TO_CARMUSTIN_WITHOUT_MGMT_24HR_UP",1,0.503006012024048,0.678977957522029,0.99604743083004,0.99604743083004,0.99604743083004,249,"tags=100%, list=50%, signal=50%","6617",0.0453152441270267,"bandres_response_to_carmustin_without_mgmt_24hr_up"
"MAHADEVAN_GIST_MORPHOLOGICAL_SWITCH","MAHADEVAN_GIST_MORPHOLOGICAL_SWITCH",1,-0.50501002004008,-0.67851004112182,0.993951612903226,0.99604743083004,0.99604743083004,249,"tags=100%, list=50%, signal=50%","3675",0.0463227785794633,"mahadevan_gist_morphological_switch"
"MARIADASON_RESPONSE_TO_BUTYRATE_CURCUMIN_SULINDAC_TSA_1","MARIADASON_RESPONSE_TO_BUTYRATE_CURCUMIN_SULINDAC_TSA_1",2,-0.429718875502008,-0.674621605992919,0.940298507462687,0.99604743083004,0.99604743083004,287,"tags=100%, list=57%, signal=43%","2896/4627",0.0399218624292714,"mariadason_response_to_butyrate_curcumin_sulindac_tsa_1"
"MCCLUNG_COCAIN_REWARD_4WK","MCCLUNG_COCAIN_REWARD_4WK",3,-0.376541072073251,-0.674101972510843,0.922374429223744,0.99604743083004,0.99604743083004,191,"tags=67%, list=38%, signal=41%","10914/23411",0.0368389606870506,"mcclung_cocain_reward_4wk"
"SCHAEFFER_PROSTATE_DEVELOPMENT_6HR_UP","SCHAEFFER_PROSTATE_DEVELOPMENT_6HR_UP",5,-0.323601601548298,-0.667662376317993,0.913678618857902,0.99604743083004,0.99604743083004,193,"tags=40%, list=39%, signal=25%","8974/10175",0.0307752597613667,"schaeffer_prostate_development_6hr_up"
"WANG_CISPLATIN_RESPONSE_AND_XPC_UP","WANG_CISPLATIN_RESPONSE_AND_XPC_UP",10,-0.258656669164411,-0.653068706470877,0.89728453364817,0.99604743083004,0.99604743083004,63,"tags=20%, list=13%, signal=18%","928/634",0.0256927476530375,"wang_cisplatin_response_and_xpc_up"
"YAO_TEMPORAL_RESPONSE_TO_PROGESTERONE_CLUSTER_14","YAO_TEMPORAL_RESPONSE_TO_PROGESTERONE_CLUSTER_14",9,-0.257218567730566,-0.622413501538533,0.924794359576968,0.99604743083004,0.99604743083004,260,"tags=78%, list=52%, signal=38%","5954/55173/9091/7414/328/64841/6634",0.0237915888102658,"yao_temporal_response_to_progesterone_cluster_14"
"YAO_TEMPORAL_RESPONSE_TO_PROGESTERONE_CLUSTER_6","YAO_TEMPORAL_RESPONSE_TO_PROGESTERONE_CLUSTER_6",3,-0.340069311316123,-0.608808468851458,0.968036529680365,0.99604743083004,0.99604743083004,168,"tags=67%, list=34%, signal=45%","83641/5318",0.034566432206351,"yao_temporal_response_to_progesterone_cluster_6"
"PELLICCIOTTA_HDAC_IN_ANTIGEN_PRESENTATION_UP","PELLICCIOTTA_HDAC_IN_ANTIGEN_PRESENTATION_UP",8,-0.255093040206345,-0.597846326307684,0.944711538461538,0.99604743083004,0.99604743083004,87,"tags=25%, list=17%, signal=21%","79090/55973",0.0238622865877092,"pellicciotta_hdac_in_antigen_presentation_up"
"MARTINEZ_RESPONSE_TO_TRABECTEDIN_UP","MARTINEZ_RESPONSE_TO_TRABECTEDIN_UP",4,-0.305840613861117,-0.587660203860014,0.963120567375886,0.99604743083004,0.99604743083004,88,"tags=25%, list=18%, signal=21%","9741",0.0314209215415833,"martinez_response_to_trabectedin_up"
"HELLER_SILENCED_BY_METHYLATION_UP","HELLER_SILENCED_BY_METHYLATION_UP",5,-0.282061473301883,-0.581955814283516,0.960159362549801,0.99604743083004,0.99604743083004,277,"tags=60%, list=55%, signal=27%","7593/7205/5168",0.0282923737721473,"heller_silenced_by_methylation_up"
"COLDREN_GEFITINIB_RESISTANCE_DN","COLDREN_GEFITINIB_RESISTANCE_DN",4,-0.291552106903412,-0.560205423392457,0.974468085106383,0.99604743083004,0.99604743083004,227,"tags=75%, list=45%, signal=41%","5603/113791/9957",0.0308468245215279,"coldren_gefitinib_resistance_dn"
"HELLER_HDAC_TARGETS_SILENCED_BY_METHYLATION_DN","HELLER_HDAC_TARGETS_SILENCED_BY_METHYLATION_DN",13,-0.205890857866135,-0.547206925595075,0.963594994311718,0.99604743083004,0.99604743083004,71,"tags=15%, list=14%, signal=14%","1983/634",0.0194541744944906,"heller_hdac_targets_silenced_by_methylation_dn"
"MITSIADES_RESPONSE_TO_APLIDIN_UP","MITSIADES_RESPONSE_TO_APLIDIN_UP",17,-0.185253292472741,-0.519981707103403,0.980413492927095,0.99604743083004,0.99604743083004,196,"tags=35%, list=39%, signal=22%","113791/9929/7673/4792/9741/7738",0.0151993170205216,"mitsiades_response_to_aplidin_up"
"SATO_SILENCED_BY_METHYLATION_IN_PANCREATIC_CANCER_1","SATO_SILENCED_BY_METHYLATION_IN_PANCREATIC_CANCER_1",16,-0.180526395596748,-0.508868168535887,0.987938596491228,0.99604743083004,0.99604743083004,18,"tags=6%, list=4%, signal=6%","6376",0.0151993170205216,"sato_silenced_by_methylation_in_pancreatic_cancer_1"
NA,NA,NA,NA,NA,NA,NA,NA,NA,NA,NA,NA,NA
NA,NA,NA,NA,NA,NA,NA,NA,NA,NA,NA,NA,NA
NA,NA,NA,NA,NA,NA,NA,NA,NA,NA,NA,NA,NA
NA,NA,NA,NA,NA,NA,NA,NA,NA,NA,NA,NA,NA
NA,NA,NA,NA,NA,NA,NA,NA,NA,NA,NA,NA,NA
NA,NA,NA,NA,NA,NA,NA,NA,NA,NA,NA,NA,NA
NA,NA,NA,NA,NA,NA,NA,NA,NA,NA,NA,NA,NA
NA,NA,NA,NA,NA,NA,NA,NA,NA,NA,NA,NA,NA
NA,NA,NA,NA,NA,NA,NA,NA,NA,NA,NA,NA,NA
NA,NA,NA,NA,NA,NA,NA,NA,NA,NA,NA,NA,NA
NA,NA,NA,NA,NA,NA,NA,NA,NA,NA,NA,NA,NA
NA,NA,NA,NA,NA,NA,NA,NA,NA,NA,NA,NA,NA
NA,NA,NA,NA,NA,NA,NA,NA,NA,NA,NA,NA,NA
NA,NA,NA,NA,NA,NA,NA,NA,NA,NA,NA,NA,NA
NA,NA,NA,NA,NA,NA,NA,NA,NA,NA,NA,NA,NA
NA,NA,NA,NA,NA,NA,NA,NA,NA,NA,NA,NA,NA
NA,NA,NA,NA,NA,NA,NA,NA,NA,NA,NA,NA,NA
NA,NA,NA,NA,NA,NA,NA,NA,NA,NA,NA,NA,NA
NA,NA,NA,NA,NA,NA,NA,NA,NA,NA,NA,NA,NA
NA,NA,NA,NA,NA,NA,NA,NA,NA,NA,NA,NA,NA
NA,NA,NA,NA,NA,NA,NA,NA,NA,NA,NA,NA,NA
NA,NA,NA,NA,NA,NA,NA,NA,NA,NA,NA,NA,NA
NA,NA,NA,NA,NA,NA,NA,NA,NA,NA,NA,NA,NA
NA,NA,NA,NA,NA,NA,NA,NA,NA,NA,NA,NA,NA
NA,NA,NA,NA,NA,NA,NA,NA,NA,NA,NA,NA,NA
NA,NA,NA,NA,NA,NA,NA,NA,NA,NA,NA,NA,NA
NA,NA,NA,NA,NA,NA,NA,NA,NA,NA,NA,NA,NA
NA,NA,NA,NA,NA,NA,NA,NA,NA,NA,NA,NA,NA
NA,NA,NA,NA,NA,NA,NA,NA,NA,NA,NA,NA,NA
NA,NA,NA,NA,NA,NA,NA,NA,NA,NA,NA,NA,NA
NA,NA,NA,NA,NA,NA,NA,NA,NA,NA,NA,NA,NA
NA,NA,NA,NA,NA,NA,NA,NA,NA,NA,NA,NA,NA
NA,NA,NA,NA,NA,NA,NA,NA,NA,NA,NA,NA,NA
NA,NA,NA,NA,NA,NA,NA,NA,NA,NA,NA,NA,NA
NA,NA,NA,NA,NA,NA,NA,NA,NA,NA,NA,NA,NA
NA,NA,NA,NA,NA,NA,NA,NA,NA,NA,NA,NA,NA
NA,NA,NA,NA,NA,NA,NA,NA,NA,NA,NA,NA,NA
NA,NA,NA,NA,NA,NA,NA,NA,NA,NA,NA,NA,NA
NA,NA,NA,NA,NA,NA,NA,NA,NA,NA,NA,NA,NA
NA,NA,NA,NA,NA,NA,NA,NA,NA,NA,NA,NA,NA
NA,NA,NA,NA,NA,NA,NA,NA,NA,NA,NA,NA,NA
NA,NA,NA,NA,NA,NA,NA,NA,NA,NA,NA,NA,NA
NA,NA,NA,NA,NA,NA,NA,NA,NA,NA,NA,NA,NA
NA,NA,NA,NA,NA,NA,NA,NA,NA,NA,NA,NA,NA
NA,NA,NA,NA,NA,NA,NA,NA,NA,NA,NA,NA,NA
NA,NA,NA,NA,NA,NA,NA,NA,NA,NA,NA,NA,NA
NA,NA,NA,NA,NA,NA,NA,NA,NA,NA,NA,NA,NA
NA,NA,NA,NA,NA,NA,NA,NA,NA,NA,NA,NA,NA
NA,NA,NA,NA,NA,NA,NA,NA,NA,NA,NA,NA,NA
NA,NA,NA,NA,NA,NA,NA,NA,NA,NA,NA,NA,NA
NA,NA,NA,NA,NA,NA,NA,NA,NA,NA,NA,NA,NA
NA,NA,NA,NA,NA,NA,NA,NA,NA,NA,NA,NA,NA
NA,NA,NA,NA,NA,NA,NA,NA,NA,NA,NA,NA,NA
NA,NA,NA,NA,NA,NA,NA,NA,NA,NA,NA,NA,NA
NA,NA,NA,NA,NA,NA,NA,NA,NA,NA,NA,NA,NA
NA,NA,NA,NA,NA,NA,NA,NA,NA,NA,NA,NA,NA
NA,NA,NA,NA,NA,NA,NA,NA,NA,NA,NA,NA,NA
NA,NA,NA,NA,NA,NA,NA,NA,NA,NA,NA,NA,NA
NA,NA,NA,NA,NA,NA,NA,NA,NA,NA,NA,NA,NA
NA,NA,NA,NA,NA,NA,NA,NA,NA,NA,NA,NA,NA
NA,NA,NA,NA,NA,NA,NA,NA,NA,NA,NA,NA,NA
NA,NA,NA,NA,NA,NA,NA,NA,NA,NA,NA,NA,NA
NA,NA,NA,NA,NA,NA,NA,NA,NA,NA,NA,NA,NA
NA,NA,NA,NA,NA,NA,NA,NA,NA,NA,NA,NA,NA
NA,NA,NA,NA,NA,NA,NA,NA,NA,NA,NA,NA,NA
NA,NA,NA,NA,NA,NA,NA,NA,NA,NA,NA,NA,NA
NA,NA,NA,NA,NA,NA,NA,NA,NA,NA,NA,NA,NA
NA,NA,NA,NA,NA,NA,NA,NA,NA,NA,NA,NA,NA
NA,NA,NA,NA,NA,NA,NA,NA,NA,NA,NA,NA,NA
NA,NA,NA,NA,NA,NA,NA,NA,NA,NA,NA,NA,NA
NA,NA,NA,NA,NA,NA,NA,NA,NA,NA,NA,NA,NA
NA,NA,NA,NA,NA,NA,NA,NA,NA,NA,NA,NA,NA
NA,NA,NA,NA,NA,NA,NA,NA,NA,NA,NA,NA,NA
NA,NA,NA,NA,NA,NA,NA,NA,NA,NA,NA,NA,NA
NA,NA,NA,NA,NA,NA,NA,NA,NA,NA,NA,NA,NA
NA,NA,NA,NA,NA,NA,NA,NA,NA,NA,NA,NA,NA
NA,NA,NA,NA,NA,NA,NA,NA,NA,NA,NA,NA,NA
NA,NA,NA,NA,NA,NA,NA,NA,NA,NA,NA,NA,NA
NA,NA,NA,NA,NA,NA,NA,NA,NA,NA,NA,NA,NA
NA,NA,NA,NA,NA,NA,NA,NA,NA,NA,NA,NA,NA
NA,NA,NA,NA,NA,NA,NA,NA,NA,NA,NA,NA,NA
NA,NA,NA,NA,NA,NA,NA,NA,NA,NA,NA,NA,NA
NA,NA,NA,NA,NA,NA,NA,NA,NA,NA,NA,NA,NA
NA,NA,NA,NA,NA,NA,NA,NA,NA,NA,NA,NA,NA
NA,NA,NA,NA,NA,NA,NA,NA,NA,NA,NA,NA,NA
NA,NA,NA,NA,NA,NA,NA,NA,NA,NA,NA,NA,NA
NA,NA,NA,NA,NA,NA,NA,NA,NA,NA,NA,NA,NA
NA,NA,NA,NA,NA,NA,NA,NA,NA,NA,NA,NA,NA
NA,NA,NA,NA,NA,NA,NA,NA,NA,NA,NA,NA,NA
NA,NA,NA,NA,NA,NA,NA,NA,NA,NA,NA,NA,NA
NA,NA,NA,NA,NA,NA,NA,NA,NA,NA,NA,NA,NA
NA,NA,NA,NA,NA,NA,NA,NA,NA,NA,NA,NA,NA
NA,NA,NA,NA,NA,NA,NA,NA,NA,NA,NA,NA,NA
NA,NA,NA,NA,NA,NA,NA,NA,NA,NA,NA,NA,NA
NA,NA,NA,NA,NA,NA,NA,NA,NA,NA,NA,NA,NA
NA,NA,NA,NA,NA,NA,NA,NA,NA,NA,NA,NA,NA
NA,NA,NA,NA,NA,NA,NA,NA,NA,NA,NA,NA,NA
NA,NA,NA,NA,NA,NA,NA,NA,NA,NA,NA,NA,NA
NA,NA,NA,NA,NA,NA,NA,NA,NA,NA,NA,NA,NA
NA,NA,NA,NA,NA,NA,NA,NA,NA,NA,NA,NA,NA
NA,NA,NA,NA,NA,NA,NA,NA,NA,NA,NA,NA,NA
NA,NA,NA,NA,NA,NA,NA,NA,NA,NA,NA,NA,NA
NA,NA,NA,NA,NA,NA,NA,NA,NA,NA,NA,NA,NA
NA,NA,NA,NA,NA,NA,NA,NA,NA,NA,NA,NA,NA
NA,NA,NA,NA,NA,NA,NA,NA,NA,NA,NA,NA,NA
NA,NA,NA,NA,NA,NA,NA,NA,NA,NA,NA,NA,NA
NA,NA,NA,NA,NA,NA,NA,NA,NA,NA,NA,NA,NA
NA,NA,NA,NA,NA,NA,NA,NA,NA,NA,NA,NA,NA
NA,NA,NA,NA,NA,NA,NA,NA,NA,NA,NA,NA,NA
NA,NA,NA,NA,NA,NA,NA,NA,NA,NA,NA,NA,NA
NA,NA,NA,NA,NA,NA,NA,NA,NA,NA,NA,NA,NA
NA,NA,NA,NA,NA,NA,NA,NA,NA,NA,NA,NA,NA
NA,NA,NA,NA,NA,NA,NA,NA,NA,NA,NA,NA,NA
NA,NA,NA,NA,NA,NA,NA,NA,NA,NA,NA,NA,NA
NA,NA,NA,NA,NA,NA,NA,NA,NA,NA,NA,NA,NA
NA,NA,NA,NA,NA,NA,NA,NA,NA,NA,NA,NA,NA
NA,NA,NA,NA,NA,NA,NA,NA,NA,NA,NA,NA,NA
NA,NA,NA,NA,NA,NA,NA,NA,NA,NA,NA,NA,NA
NA,NA,NA,NA,NA,NA,NA,NA,NA,NA,NA,NA,NA
NA,NA,NA,NA,NA,NA,NA,NA,NA,NA,NA,NA,NA
NA,NA,NA,NA,NA,NA,NA,NA,NA,NA,NA,NA,NA
NA,NA,NA,NA,NA,NA,NA,NA,NA,NA,NA,NA,NA
NA,NA,NA,NA,NA,NA,NA,NA,NA,NA,NA,NA,NA
NA,NA,NA,NA,NA,NA,NA,NA,NA,NA,NA,NA,NA
NA,NA,NA,NA,NA,NA,NA,NA,NA,NA,NA,NA,NA
NA,NA,NA,NA,NA,NA,NA,NA,NA,NA,NA,NA,NA
NA,NA,NA,NA,NA,NA,NA,NA,NA,NA,NA,NA,NA
NA,NA,NA,NA,NA,NA,NA,NA,NA,NA,NA,NA,NA
NA,NA,NA,NA,NA,NA,NA,NA,NA,NA,NA,NA,NA
NA,NA,NA,NA,NA,NA,NA,NA,NA,NA,NA,NA,NA
NA,NA,NA,NA,NA,NA,NA,NA,NA,NA,NA,NA,NA
NA,NA,NA,NA,NA,NA,NA,NA,NA,NA,NA,NA,NA
NA,NA,NA,NA,NA,NA,NA,NA,NA,NA,NA,NA,NA
NA,NA,NA,NA,NA,NA,NA,NA,NA,NA,NA,NA,NA
NA,NA,NA,NA,NA,NA,NA,NA,NA,NA,NA,NA,NA
NA,NA,NA,NA,NA,NA,NA,NA,NA,NA,NA,NA,NA
NA,NA,NA,NA,NA,NA,NA,NA,NA,NA,NA,NA,NA
NA,NA,NA,NA,NA,NA,NA,NA,NA,NA,NA,NA,NA
